Dongxiang,Chinese
Tom Mary se undu wo,汤姆比玛丽高
Ene mutun giese undu,这树比房子高
ada ni kieliesan ni bi man jila wo,爸爸说的我全都记住了
?osun ni achisan kun kharei zhi ire wo,锄草的人回来了
beijing de sao zho,住在北京
tan lienjienzhun de kaihui giedunle echi,你们两点钟都开会去
ene?udu ku?khalun de khalun zhi?bazila dane,今天热，热得受不了了
usu guzhun de khizhewo,水淹没到脖子上来了
ene faku fugie ghura de baodeila osi wo,由于这场大雨麦子长了
usu ghala wagva,用水洗
chi ada lene hhantu yawu,你跟爸爸一起走
Chi ene fudagvun kie,你往这口袋里倒
bijien pizhindu zho,我们正在一起写
hhela sugiendu zho,他们正在吵架
ta uzhendu,你们一起看
ghua nogvei zhaondu zho,两条狗在咬架
Hhela giendu gie,让他们一起做吧
chi hheni xiereigva,你把他弄醒
bi ene jienni gagadene musigvane,我要让哥哥穿那件衣服
Mini ghoni ni abudunugvun le bu hoyigva,别把我的羊和阿布杜的掺和了
"Chi mini naran ulie oroku,ghura ulie oroku,kai ulie oroku gie ni qida olugvawo",你弄坏了我的不进太阳，不漏雨，不进风的房子了
bi ire wo,我来了
bi uzhe wo,我看过了
fuzhugvudu hheni iresende bi budan ijie zho,昨天他来的时候我正在吃饭
bi uzhe ne,我要看
bi mejie ne,我知道呢
ene morei tayi ne,这马踢人
ede bi xin pizhi zho,我现在正在写信
magvashi bi baza echi ne,明天我到城里去
fuzhugvudu bi echisende hhe hhuntura zho,昨天我去的时候他正在睡着
bi kieliezhi??pizhi?baragvawo,我让他写完了
hhela kieliendu zho,他们正谈论着
chi hhelayi iregvandu,你让他们一起来
gaga ganbu wo,哥哥是干部
ula undu wo,山高
fugie shi zhigvon wo,牛是六头
chi gaga dene asa,你问你哥哥
chi xin pizhi,你信写
bi budan ijiewo,我饭吃了
chii magvashi echi,你明天去
xieshiinni shubao,学生的书包
anani oqin,妈妈的女儿
bi ene moreini unu ye,我骑这匹马吧
osunni achisen kun khareizhi irewo,锄草的人回来了
bi sonanba de saozho,我住在锁南坝
chi gaga dene asa,你问你哥哥
chi ene xinni duizhande ogi,你把信给队长
bi dunxian se irewo,我从东乡来
bi dalu mo se echine,我从大路走
ene oqin nogveise ayine,这姑娘怕狗
chi ganbi ghala pizhi,你用钢笔写
chi morei ghala chezi layigva,你用马拉车子
ghoni iman le hhantu osun ijiezho,绵羊和山羊在一起吃草
bi ene mo re echine,我要从这条路上走
bi chima re sana ne ,我要和你算账
bi gagade ne kieliewo,我跟我哥哥说了
chi kon ne wagva,你洗你自己的脚
Chi nudunne hami,你闭上眼睛
Chi khanugvun ne made ogi,你把你自己手里的东西给我
chi mase undu wo,你比我高
bi chase undu wo,我比你高
Hhe kewon echikudeni bengvendede kielie orunde tawun gienan gie,那孩子去的时候跟他嫂子说给我做五个馍馍
Hhela kielie oruntan magvashi baza echine giene,他们说明天我们进城去
Tere yama pushuo,他什么都不是
Tere mini matu giene,他能把我怎么样
Tere shi bijienni yanwo,他是我们的什么人
Ene shi laoshini morei wo,这是老师的马
Ene morei shi laoshinugvun wo,这马是老师的
Ene shi chini kewon nu,这是你的儿子吗
"Mini shu shi hulan wo,chinugvun shi chighan wo",我的书是红色的，你的是白色的
Bi shi onji nugvun,我是汪集人
Chi shi kien wo,你是谁
Chi khala wo,你在哪里
Kien kien man mejiewo,所有人都知道了
Yan yan widagvawo,全部东西都没有了
chi giedu fudu jiesun keroune,你需要多长的绳子
baza echikude mo giedu gholowo,去巴扎多远的路程
chi enefa echise giedu udu de khareizhi irene,你这次去几天能回来
kiegvan bogvon,无论是谁
yagvan bogvon,无论什么
Bi giezhema baza nie echine,我无论何时，一定要到临夏去
Giede kienma waine,屋里肯定有人
Alima dunda niezhan bolusanni waine,果子中个别的已经熟了
Pesezila khala echiwo,其他的人去哪了
Chi pesezi zhanghani khala niugvawo,你把其余的核桃藏哪了
Chi kieliesen morei tasigie kharani enbenu,你说的马，的确是黑的吗
"nie,ghua,ghuran,jieron,tawun",一二三四五
"higvon,dolon,naiman,yesun,hharon",六七八九十
Hharon torunzhun,十个上下
Tawun se ghua,五分之二
Shiliu gie se tawun,十六分之三
chi sao,你坐下
bijien pizhindu zho,我们正在一起写
hhela sugiendu zho,他们正在吵架他们互相骂
ta uzhendu,你们一起看
ghua nogvei zhaondu zho,两条狗在咬架
chi hheni xiereigva,你把他弄醒
bi ene jienni gagadene musigvane,我要让哥哥穿那件衣服
Ene kewaoni nogveide zhaogva wo,这孩子被狗咬了
bi ire wo,我来了
bi uzhe wo,我看过了
Tiigha endegveiliewo,鸡下蛋了
fuzhugvudu mini echisende hhe hhuntura zho,昨天我去的时候他正在睡着
Bi ogvei ku shihoude sai hhunturawo,我在天亮时才睡着了
hhe shi mini gaga wo,他是我的哥哥
hhe mini gaga pushi wo,他不是我的哥哥
Bi yama da ulie keroune,我什么都不要
Kienma ulie pixierene,谁都不信
Giezhe ma da ulie echine,啥时候都不去
he yawu zhi irewo,他走着来了
udu bi chini sana zhi wilazho.xieni bi chini sana zhi zhaojinliezho,白天我想你想得哭，晚上我想你想得做梦
alima bolu zhi irewo,果子成熟了
he kidene waradazhi saozho,他在自己家里叫喊着
bi bosi zhi irewo,我起来了
Chi ene shuni ugvuzhi echi,你把这本书拿去
hhe ire dene made kielie zho,他来了之后对我说
chi ji de echi dene made ghua saochu heiya agi de ire,你到集上之后，买两把扫帚之后来
uzhen uzhen xinie wo,看着看着笑了
"Dai gunzo giekude bi yama gie ulie mejiene,gien gien suruwo",刚工作时我啥也不会做，做着做着学会了
hhe jienshi uzhele echiwo,他看电视去了
"ghura baose,bi ulie echine",要是下雨的话，我就不去了
"Nie chenliese,jiu mejiene",一听就知道
Bi chenliese sudoro kielien kieliezho,我一听，里面在说话
Chi eqiegvan gaodase,愿你早日康复
Bi ghuala nie kielienchese,我想同谈谈
"ghura bao mu, zhasun bao se",将下雨呢，或者要下雪
"chi kielie liaozhe,bi ye ulie chenlie ne",你即使说了我也不听
"Kaihui gie,ulie gie senu baodei xine",无论开不开会，都要拔麦子
"Ene kun no wo,ghura matugie fugiede bao liaozhe nanshi irene",中国人工作积极得很，无论多大雨都按时来
ene kewon sai khareizhi ire senu kijiewo,这孩子才回来就睡了
Kielien da ulie kieliegvane,连话都不让说
Chi giezhe liaozhe irese olune,你无论何时来都行
Kien liaozhe iresenu olune,谁来都行
chi ende sao tala ghazha jiere echi,你在这坐着不如下地去
ene xieni matan hhuntura tala wilie gie ye,今晚咱们工作到睡前吧
"magvashi bi jide echi tala,chi made jien xijie zhi ogi",明天我上集去之前，你把我的衣服缝好
Bi chini khara olutala sagveiwo,我一直等你等到天黑
fuzhugvudu baza echisan kun kharei zhi irewo,昨天进城的人回来了
Ene igva shi hhe gha olugvasan wo,这个碗是他打破的
he kun shi matan de gujin kielie chin kun wo,那人是给我们讲故事的人
Hhe lashigva ijiechin ni wo,他是爱吃面条的人
magvashi kaihui giele echi ku kun shi duizhan wo,明天要去开会的人是队长
fuzhugvudu iresen ni echiwo,昨天来的人走了
ene shi ijieku ni wo,这是吃的东西
chini ugvuzhi iresan ni bi zharu zhi widagvawo,你拿来的东西我用完了
made morei waine,我有马
mini gie ali mien de waine,我的家在哪儿
"chade yang shiqing baise,chi made kielie",你有什么事情的话，你跟我说嘛
"Chi hhende echiku duran bise,echi",你要是想去的话，就去吧
mini kewon de ajiu uwo,我儿子没有舅舅
bi chini baer ni xitu wiwo,我不稀罕你的钱
nainaigie ogi ku duran wiwo,老奶奶不想给
"Hhe usu khalun wainu,uwo",那水热不热
usu wi chin hhe kun ni wijien meilie nie fugie mutun wo,那个没有水吃的人门前有一颗大树
"chi giede wisan ghala,bi chini urule ese irewo",因为你不在家的缘故，我没来叫你
"chi giede wikude,giede chini nie kun irewo",你没在家的时候，你家来了一个人
"bikude bi ye ene giedan wo,wikude ye ene giedan wo",在的时候我是这样做法，不在时我也是这样做法
"kide chezi wichin kun,dunxi layise chijiawo",家里没车子的人，运东西有困难
"Ghoronde nogvei wizhi pese,ghugvei ghulale irese da ulie mejiene",院里要是没有狗的话，要是小偷来偷也不知道
"Chimade yama widene,chi matu giezhi udu dawagvazho",你什么也没有，怎么过日子呢
"Hhe wisenu,wilieni iyan banjine",你即使不在，也照样办事
bi ire wo,我来了
ene chizhe chusun se hulan wo,这花比血还红
Hhe dunxian kun pushuo,他不是东乡人
Ene shi hohodou pushi bikuni bi mejiene,我知道这个不是田鼠
Kunla ene agvinni gonigon giezhi uruzho,人们把这个村子叫做郭泥沟
bi zuoye pizhi zho,我正在写作业
Bi zhin shu uzhezho,我正在看书
Shu uzhe zhi saozho,正在看书
magvashijie ghura bao ne,明天下雨呢
bi agi ye,我要买
chi ijie,你吃吧
chi pizhi sha,你写吧
"Hhe ulie echise,matan uzheye sha",他不去的话，我们去看嘛
"Daigo ghura baone ma,matan qiyinduye sha",马上下雨了，咱们起程吧
hhe echi gie,让他去吧
hhela ijiendu gie,让他们吃吧
hhe ene wilie gie gie,让他做这件事情吧
Bi fuguse fugu gie Chi bu gonji,我死就死吧你别管
Bi echise echi gie,我既然想去就让我去吧
Kewoslane ghujigvan osi gie,祝你们的孩子们快点长大
Bi kunse teiya naiyiwo,我被别人棍打
Ene kewon chanban pipin naiyizho,这孩子常挨批评
bi unba shida ne,我能游泳
bi ire dane,我不能来
he kielie,他说
mejie gva,让某人知道
jien ni musi gva,让某人穿上衣服
chi hhe ojienne made uzhegva,把你的那个东西给我看看
Chi surugvachinni xinla zhi iregva,你把老师请来
sugie ndu,互相骂
echi ndu,一起去
Bi daigo echine,我一会儿就去
ene bierei niende kharala una wo,这个妇女一下子昏倒了
ene kewon udu uduji fugieda wo,这个孩子一天天地长大了
bi fuzhugvudu ogveiku shihoude sai hhuntura wo,我昨天天亮的时候才入睡
Basi munie zhayasabde,老虎刚出世的时候
chi mase undu wo,你比我高
naran sara se fugie wo,太阳比月亮大
Bi chase fugiegvan wo,我比你大一些
Bi chase gouji nie fugiewo,我比你稍微大一点
enedu khalun no,今天很热
hhe undu no,他很高
madage ni bierei chu saigvan wo,马大哥的媳妇最漂亮
zhula mutu xinie wo,像灯一样灭了
usun mutu narun,像毛一样细
"Bi uruwo ma,hhe sonosu dasan mutu gieruzhi echiwo",我喊了他一下，但他好像没听见似的，走过去了
Musiku mutu qimutu ghudun wo,像飞一样快
ene enzhegve lousa chige wo,这个驴子和骡子一样大
chi ire wu dula bi puse ulie echine,因为你来的缘故，我不再去了
oqin ji kewon,女孩和男孩
shire mu diinzi,桌子或凳子
Chi khudogvo mu khaichini agizhi ire,你把刀或剪子拿来
he ese ire ne,他还没来呢
Mini kewon shu ese onshizho,我孩子没读书
bi ulie echi ne,我不想去呢
Lie mejiene,不知道呢
Dogvun wilieni bi ulie giene,坏事我不做
Olu ulie,行不行？行不
Mejienu ulie,知道不知道
bu ayi,不要害怕
bu egvindu,不许打架
bu uzhe,不许看
hhe kun bu echi gie,别让他去了
hhenyi bu orozhi iregva,别让他进来
hhe bu orogie,他别进了
ene morei ni bi unu yan,这马我要骑啊
"hhela meiliedei fa echizhi dawazho,ene fa bi echi lei",他们上次去过了，这次该我去了
Xienda se toreile ire an,有空来玩吧
he ire ne ai,他会来的
chi ire sha,你来啊
chi gao nu,你好吗
chi jiehun gie wo ye,你结婚了没有
chi ire zhi gieru zho sha,你不是来过吗
Chini niere shi ibura wo sha,你的名字是伊布拉吧
Tan man kieliendu zho sha,你们都在说是吧
ana chiyi lai,你妈妈呢
Chi kielie ede,你就说吧
Ene xianzi gundu wo la,这箱子重，是吗
"Ada mini giemere zho ma,ede ire dane",我爸病了嘛，现在不能来
Matan ghuala nie uzheye ma,咱俩看一下嘛
Bi khala ma ulie echine,我哪儿也不去
Hhe iremu,他可能来
Hhe ire damu,他可能不来
"Bi hheni ese egvizho,egvenni egviwo giezhi kunlade gaosu giewo",我没打他，他告诉人们说，我打他了
chi gao la,你好吗
yan gie zho,你现在做什么呢
chi khala sao zho,你住在哪里
lunquen de sao zho,住在龙泉
chi khala olu san,你出生在什么地方
chi khala echi ne,你上哪去啊
bi yama ese gie zho,我什么也没做
bi chi ni sana zho,我想你了
chi mi ni sana zho ye,你想我吗
chi yan ijieku duran,你想吃什么
u lie mejie ne,不知道
Kun wainu uwo,有人没有
Ma,给你
Chi ghudan bu kielie,你别说假话
Bi kijie ne,我要去睡觉了
xiacha gie,加油
bi oliesi zho,我饿了
Made iregva,给我个
ene giedun udu gao la,这几天好吗
"Chi miyi pofan se,bi chiyi nudu ne",你再烦我，我打你呢
"Yawu, egvindule yawu ye",走，打架走
"Ere kunla kielie kayigvase, jieron morei ye handa zho",男人们一言出口，四匹马也不行
"Kun zhiin zhin hunnerei wo, bai bai jiu fugu wida ne",人他妈真奇怪，活着活着就死了
Enbene ba,可能是吧
Bi nie sumula ye,让我想想
Ene dunxi giedun giedun baer echine,这东西多少钱
Matanni agvin kun olon nu,咱们村人口多吗
"Khara olu liaozhe yama guanxi uwo,bi giedene kharei shidane",天黑了也没关系，我也能回去
chi ene kun yale imutu sada wo,你怎么这么粗心
Chi jienzha no,你真聪明
bi gojia giederane shuru zhi aruda wo,我把我的房间打扫干净了
chi ene jien musise jian oluzho,你穿这件衣服正合适
"chi hheni uzhe,oluzhiye",你看那件怎么样
ene fa toreise gao nu? yama gao uwo,这次旅游玩得好吗？真没意思
hhelayi gieni wilie hhe niezhen giezho,他家里的活全都是他一个人干
chi matu gie zemin jiere hu benda ne? chi bu gonji,你怎么随地乱扔东西？你别管
chi kieliesan ojien shi ene enbenu pushuo,你刚才说的东西是不是这个东西
"hhe ede zhin ho kuruzho,chi zuigao shi ede hhende ene shiqin bu kielie",他现在正生气呢，你最好现在别跟他说这事
ene ezegvan baer budan ijie kurudane,这些钱吃饭都不够
hhe kun chi chanla zhi gieru ye,那人你见过吗
"meiliedufa bi hheyi ereisande ,hhe giedene uwo",上次我找他的时候，他不在家
"Naran khizhe wo,zhasun xiaoyiwo",出太阳了，雪化了
"chi made gunzi baer gouji jiayi zhi ogi sha,olu ulie",你再给我工资加点行吗？行
"ene hai gao no a, musi nie uzhe sha",这双鞋真不错，穿上试试吧
Kunla kieliezhi chini bierei saigvan no ya,听说你女朋友特漂亮
Miyi bu bayasugva,别拿我开心了
"yawu ye,ulie yawuse chezi kuche dane",快走吧，不然赶不上车了
"chi xien yawu, bi khuina ireye",你先走，我待会来
chi baer asugvu zhi ogi,你借我点钱吧
yan wo,休想
ifen baer da uwo,一分钱都没有
"jian hhuntura wo,jienhua tunkulie zho",刚睡着，电话响了
ho kurugva zhi imutu uda zhi,真气人，都这么晚了
"jian shouji agiwo,ghugvei ghula wo",刚买手机，贼就偷了
ho kurugvazhi,真气人
bi yale laoshi kieliesanni dunjiere dane,我怎么听不懂老师讲课
"bu jinda,lalagvan ire",别急慢慢来
Chi ede gonhe demu?He zhin dewo,你现在是在广河，还是在和政
"ene tai olon,bi ijie zhi baragva dane",太多了，我吃不完
wijien he chongun gieni ali ezegvan de ne,门和窗子在屋子的什么地方
hheyi bu orozhi iregva,别让他进来
ene chezi benxiaoshi baza kuru shida u lie,这车半小时之内能到巴扎吗
"Chi konne nie dawagva,bi nie dawagvaye ba",你把脚挪一下，我要过去
"niuroumien hoyi baragvawo,wijien khawo",牛肉面卖完了，关门了
"Lichao chenlie se zhunjian giewo,bayasu fiinji irewo,mejieda shuwade anda baowo,jiere doura shuwa duruwo",李超听说中了大奖，高兴得发疯了，一脚踩进烂泥塘里，弄得浑身都是泥
"Bi ingie kieliese,hhe miyi matugiene",我就算这样说了，他又能拿我怎么样
"Hhelayi gie ghudei se gholo wo,nie nie ochise ghuralie usu dayile echine",他们家离水井很远，每次吃水都得三个人一起去打水
"Ghujigvan ijie ya,puse budan binji ne",赶快吃吧，要不然饭该凉了
ghujigvan chezi ire wo.holu a,快点车子来了，快跑啊
"miyi sagvei,miyi hai anda baowo",等等我，我鞋子掉了
bi kieliesan ojien chi agi zhi irewoye,我说的东西你带来了吗
"o,matawo",哦忘了
chi ghujigvan zoyi pizhi baragva,你赶快吧作业做完
"ulie,bi hhechezhi",不行，我累了
"xiacha gie,bosi",打起精神来
"bijien olon ulie agi ne, ghuran agi se jiu kuru wo",我们不多买，买三个就够了
bi giezhe chezini chade huenji ne,我什么时候把车还给你呢
hhe nie zhagvasun giedugundu wo,那条鱼有多重
hheni oloncha bu sagveigva,别让他等得太久了
erli hojide kieliezhi nie tiigvani chinagva wo,尔力叫伙计做了一只鸡
dawu ghulazhi made kieliezho chini jiujiu fuchugvudu chizi kaiyizhi wiliekhirei wo ,达吾悄悄的对我说昨天你弟弟开车出事了
"ene wilieni chi nie udu nie gie xiaoshi giene,mini ghala nie kielienwe",你每天干小时，跟我一样
chi nasun chighan no,你好年轻啊
qinse chi oqiaolu zhiwu,难道你老吗
Kien shi shanxiyuennugvun,有谁是上西园的
kien shanxiyuen de saozho,有谁在上西园住着
"kien hhende taniku kun wine, nie banji ba ",或者那里有认识的人，帮个忙吧
hezhiin de zuiyiku gie weine wu wo?waine shi lienxi nie gie,和政有没有租的房子
Waine shi lienxi nie gie,有的联系一下
"ene giedudu khanunda ala we, kharahu liaozhe imutu khanun",这几天热死了，晚上都这么热
made cha puse giji kie se olu u lie,茶还能再给我添些吗
sagveizhi ghura bao we,终于下雨了
oliehon ese baowe,已经半年没下了
puse ulie bao se ene hon zhonla yama ghurada ne,再不下今年庄稼就没收成了
senjiaji se kanle de chezini matugiezhi sao ne,从三甲集到康乐怎么坐车
"gonhe de kuru denezhanheqiao de bouzhe, hhense kanle echiku waine,niedu ghureifa wo",到广河县城，漳河桥下车，从那有道康乐的，每天趟
"jindazho shi hezhiin se hanle de echi, hhemen se kanle de echiku chezi olon",如果赶时间的话，建议从和政到康乐，那边车走康乐的多一些
"ghurudu usu ese ire wo, fiinjieregva ne",停水三天，快疯了
ujieshilien usu ire ne,下午就来水了
puse shifiinzhun shi jiu zhen de kuru ne ,还有十分钟车就到站了
bi guanzide chogvonufa iyele echizho,我很少去饭馆吃饭
chiyi chezi bi huenyizhi ogiwola,你的车我不是还给你了吗
chini zhaopin nasun chighan no zhe chi oqiaosan hin ma,你照片好年轻啊难道你老吗
chini ende onsu ghujin waine uwo,你这里网速快不快
"mayi xiexiao ni giedun oqin,jian egvinse lodo no",咱学校的几个尕丫头，刚才打架猛的很啊
gonhe de budan khogvosan centin wainewo,广河有送餐上门的吗
"eqie magva mo jiere chehuo khizhezho,kien mejie ne,kun matu giewo, aiya,ubali no,chenliese ghua gundu shanjiwo",早上街上出车祸了，谁知道人怎么样了？惨得很，听说两个重伤
"ghura baowo,olie hon se baowo,puse se bao,zhonjia gho baragvane",终于下雨了，已经半年没下了，再不下庄稼就绝收了
"ene giedudu khalon alawo,xienideni dao imutu khalun",这几天热死了，晚上都这么热
"usu ghurudu baizho,fiinjiere wo",停水三天，快疯了
xiawude jiu usu irewo,下午就来水了
Kon otuzhi yawu dane,脚疼得走不了路了
Wiye ba,不至于吧
Matui wiye,怎么不至于
ene chezi fiinzhun jiu chezhen kuruwo,车还有十分钟就到站了
ali kun enedu xienchin de nie shiinfiinzhiin qianguwo,哪位今天在县城捡到一张身份证啊
baza se zhijie narisi kuruku chezi waine uwo,有从巴扎直达那勒寺的车吗
bi tuma agine,我买萝卜
"tuma widawo,hoyi baragvawo",没有了，已经卖完了
"enedu ghujigvan ene tiigha ijiede baragva,ulie",今天赶紧把这鸡吃完，不然明天该坏了
bi yan shihoude chezi chade huenji zhi ogi ne,我什么时候把车还给你呢
chini ene zhagvasun giedun gundu waine,你这条鱼多重
"ula man shi tagvei wo ma ,mutun uwo",山都是秃的，没有树
"ghuran kozi kuruwo,bi olonni ulie agine",我不多买，三个就够了
"miyi oqin giemerewo,bi zhugve echi alane",我女儿生病了，我好担心啊
"zhugve bu echi la,yenzhun uwo,giedudu jiu gaodawo",别担心啦，不严重，几天就好了
"jian dui ni pai dene chongon konde echise,piaoyi hoyi baragvawo",刚排队到窗口前，票就卖完了
zhiin giejia daomei giewo,真倒霉
fuchugvudu linju onlian kun ni chuji senu barei echizho,昨天隔壁家王亮拿刀把人捅了然后就被抓进去了
xiaoxin gie bu shizhigva,小心别弄洒了
bi ene fa yawulase giezhe khareizhi irese bi ulie mejiene,我这次走了不知道何时才能再来了
Mini khani khodogvo otoluwo,我的手被刀划破了
"Mini chezi mojiere dei ghaluwidawo,xiu goudahase cai yawu shida ne",我的车，路上车胎扎破了，必须修好才能走了
"Chezi gougougon de fura baoweidazhuo ,hheni shighara ghura weidazhuo",子翻到山沟里去了，他的腿摔折了
chi shi musa enbene la,你是穆萨吧
an anbene chi kien gholu,对，就是。你是
miyi niere ersa giene matan shi nie agvin nugvun,我叫尔萨。我们是一个村的
chei jienliene giesan hhaniekun,来接你的那个人
ire eneyi bi qila ye,来，这个我来提
ao chi nu jian mejieda zho chiyi mafan giegvazhi,噢，原来是你。刚才没知道。麻烦你了
ai yama segiezho igua guajiai kunla ene oran matugiezho,哎，没事。都是自己人。这地方怎么样
da gaoba idaomo jiere uzhese seigvan hha ula jiere da goni fuger waine,还好吧一路上看着挺美，那山上还有牛羊
kuijiegva wo olon zegve musi ma,天冷了，多穿点啊
an chi surusan shi yanwaine,好的。你学的是什么
bi yinyu suruzho,我学的是英语
gijicha baise ijiele youye an,过会儿去吃饭啊
anlai ene niechade oliesi wo,好的。这会儿饿了
ene shi chighan giejie,这是白纸
"fuchugvudu kai tai fugie,xiesan jien man feilie widawo",昨天风太大了，晒的衣服都刮跑了
"bi tugu hongua ijieku duran,bolusan hongua ijieku duran uwo",我喜欢吃生的黄瓜，不喜欢吃熟的
hhe malatan ijiekude tuliezhi,他再三说
"hhe izhi kieliezho,hhe udu mo jiere yawukude miyi shihua ese chujiegvawo",他那天确实是没有看到我
chi dao se ijie zhiwu,你还没吃饭呢吗
ene shiqin bi giede echide sumulade chade kielie,这个事情我回家之后再跟你说吧
jian iresan chini gaga pushuo nu,刚才来的那个人不是你哥哥吗
"a, pushuo a ,chini gaga ghala xianxian zhe a",哦，不是啊，长得和你哥哥真像啊
"chi hhende kielie,bi hheyi ereizho",你跟他说一下，我来找他了
chi hhende kielie se olu u lie,你跟他说一下好吗
"fuchugvudu ghura bao hheyi pao dene,giemerewo",昨天下雨他淋着了，所以生病了
inchon de dunxian kun wainu uwo,在银川的东乡人有没有啊
"chini shouji laoshi chujiegvese,moshou dagvane",你的手机如果被老师看见了，就会被没收
"matan bu yawuye ba,olune",我们不走了吧，好吧
magvashijie bi ijin yawulane,明天我必须得走了
"zai u lie yawuse,baer huayi baragvase matu giene",再不走钱花完了怎么办
"laoshi yawula woye? yawulawo,danshi hhe ede dunxi sumulazhi mutu pese irewo",老师走了吗，走了，但是他现在好像想起什么事情，又回来了
"fuchugvdu hheni giede khan sidarazho,hheni jiajula man sidarawo",昨天他们家着火了，他的家具都被烧了
mi shubao erei zhi oluda wo,我的书包找不到了
chi bi ghala jienyin uzhele echi u lie,你跟我去看电影吗
"bi meiliedefa xienchiin echikude ni,naran miyi qiaorun xiedene zhun zhayisan niekielien",我上次去县城的时候，太阳晒在我脑袋上跟针扎的一样
"mejiedawo, bi chini konni tayiwo",对不起我踩你脚了
jien meilie hhe kenjin ire shidane,点前他肯定能到
jien meilie hhe ire shidanu,点前他能到吗
chi mejie lie,你知道吗
"bi hheyi gie echikudeni,hheni uijien sozilazho,hhe ijin giede uwo",我上次去他家的时候，他们家门是锁着的，他一定不在家
ene sai dansun oloduzho,这菜太咸了
ene sai dansun tai chogvo,这菜太淡了
ene gie ene hon caiyine,这房子今年必须要拆了
"ene shiqin hhe echigvase,gao uwo",这事让他去不合适
ye ni egvizhi baolusenu xien kha ne wagva senu puse budan iye a,洒完农药必须洗手才能吃饭啊
chi kieliese olu u lie? chi urou egvise gao nu la,你说话可以吗？打字不是挺好的吗
mini baer chogo nu?hheni baer baer chogo,我的钱少还是他的钱少
hheni beye mashigvalase undu,他个子比谁都高
hheni baer minugvune giedugvan olon,他的钱比我多多少
da olon wo,多块
chi ghura baozhetaka ene wilie gie baragvane,你必须在下雨前把这活干完
"bi hheni ulie agine,hhe made ulie khi ne",我不会娶她的，她也绝不会嫁给我的
chi de giedudu naduwo,你在玩了几天
"chi xieni irekudeni,lalagvan de ire,mini bu chao xiereigvane",你晚上回来的时候，走路轻一点，别把我吵醒了
endegvei zemin jiere baodene ghalu widawo,鸡蛋掉在地上了，摔碎了
chi giedu fudu jiesun keroune,你需要多长的绳子
baza echikude mo giedu gholowo,去巴扎多远的路程
chi enefa echise giedu udu de khareizhi irene,你这次去几天能回来
hhela matande matui unbakuyi surugvane,他们将教我们怎么游泳
ene giedu fudu enzhasun giedun echiwo shi,这么长的缰绳得花多少钱啊
puse fade chi bu uda,下次不要再迟到了
bi sumulase hhe bosizhi irewo,我想他应该已经起来了
bi adasene osizhi undudawo,我长得比我父亲高了
bi ede erei zhi oluwo,我现在找到了
"chi jian kieliese chi magvashi irene,shihua nu",你刚才说你明天要来，是真的吗
chi yan ijiene,你吃点什么
yan liaozhe olune,什么都行
gie zhi gaodasan budan uwo,没有现成的食物
bi chade iyewuni giele echine,我去给你做饭
chi giesan ghujin no zhe,你饭做得真快
chi binji usu bu ochi,你不要喝凉水
"bi chade kielieye,hhelayi shiqin chi bu gonji",我劝你还是少管他们的事
"hhe matu gie liaozhe yeshi mini kewon a,bi idin gonjine",他再不好也是我儿子啊，我能不管他吗
chi shi musa ni yan kun wo,你是木洒的什么人
musa ni nainai enende saonu,木洒的奶奶住这里吗
chi ene ni banjide de ehigva,你把这箱子搬到架子上去
chi ghura baozhetaka ene wilie gie baragvane,你必须在下雨前把这活干完
"Hhe shi nie biinzi shu wo,chinugvun? nu",那是一本书，是你的吗
"pushi wo, minigvung pushuo,hhe shi chinugvung wo",不，不是我的，是你的
Hhe nie oqidei kun yeshi xieshin enbene u,那个女子也是学生吗
"Hhe? kun shi laoshi wo,olu zho ye",那个人是老师，对吗
"Hhela kunpa shi laoshi bimu,xieshin pese",他们也许是老师，也许是学生
Enezegven nie shi chini dunxi wo nu,这些都是你的东西吗
"enezegven dunxi dunda ezegven nie shi minugvun wo,ezegven nie shi mini gaganugvun wo",这些东西中有的是我的，有的是我哥哥的
"ene nie shon gudusun shi minugvun ye pushuo,mini gaganugvun ye pushuo,kienugvun pese ulie mejiene",至于这双靴子，既不是我的，也不是我哥哥的，不知道是谁的
chi khideini kielien kielie shidanu ,你能说汉语吗
"olu zho,bi aideini ezegven nie kielie mejiene",是的，我会一点汉语
"tere ulie mejiene,tere zhishi bijienni ene torodu kielie mejiene",她不懂，她只懂我们这儿的话
ana mini ye giede wo,我妈妈也在屋里
chi dunxi khala taiwo,你东西放哪了
"ijieku dunxila chugui de wo, yunjiku dunxila shire jiere wo",吃的东西在橱柜里，用的东西在桌子上
ende diinzi ghuar wainu,这里有两把椅子吗
chimade ...wainu,你有吗
?chimade gienan wainu,你有馍馍吗
made ghuar gienan wo,我有两个馍馍
"enudu matan ni xiaoqu ni taoer chizhe chizhelie wo,seigvan alane",今天我们小区的桃花都开了，真是太漂亮了
enudu shi yan udu wo,今天是几号
chi shi yan shijiede olusan wo,你是什么时候出生的
tere shi yan shijiede endese yawulasen wo,他是什么时候离开这里的
lidali yan shijie de pese bi matawo. dagai shi udan honku eyede woba,我忘记了确切的日期，大概是去年月吧
jijien olu wo? lienjien oluwo? oluzho ye,几点钟了？两点了，对吗
"mini biao ghudulazho,chini biao tandazhi wo",我的表快了，你的表慢了
bi sumulase lienjien se jifiin dawa wo,我想两点过几分了
"ese oluzhi wo,dao lienjien ulie olune",没呢，还没到两点
chini biao chini dakunu shifiin ghudulazhiwo,你的表大约快分钟
sagveiji sanjien oluye dene biaoni duiyile,等到点整时，请对一对表吧
ede bi yawukude kuruwo.bi ijin hhe shijiedene kurune,我该走了，我必须准时到达
"chi ulie udane,ede dao eqie wo",你不会迟到的，现在还早呢
bi sumulase udu nie linjidene chini nie uzhele ire ne,我想约定一个时间来看你
chugo xinqiwu shi ali nie udu echi liaozhe oluzhi wo,除了星期五之外，你哪天都可以去
mini kewon irezhi nie sara xiliu oluwo,我的儿子回来有一个多月了
chi nasun giedun olu wo,你几岁了
bi khorun oluwo,我二十岁了
"gaga chini da ulie olune,oluzho ye",你哥哥还不到岁，对吧
"bi chimase ghua fugie wo,mini jiao chimase ghua mila wo",我比你大两岁，我的弟弟比你小两岁
"hhe ghuala shi nie nasuntu wo,ighua shi ghoni zhintuni wo",他俩同岁，都是属羊的
"Azei ajia mini chu fugie wo,bi chu mila wo",我姐姐最大，我最小
"oqin jiao mini tere se ghuran nasun mila wo,azei chini tere se tawun nasun fugiewo",我妹妹比她小三岁，你姐姐比她大岁
"chi nie ta,bi nasun giedun olune",你猜猜，我多大岁数了
bi uzhe se chi dakumu olune,我看你大概岁吧
pese nie xinqisi shi mini nasun olune,下星期四我将满岁
abuduni hhe fugie kewon ede khoreilan olune,阿布杜的那个大儿子现在岁左右
chi jiehun gie wu wo ye,你结婚了吗
dao wiye,还没呢
tani giede kun giedun wo,你家里有几口人
bijienni giede ighua dolon kun wo,我家一共口人
oqin jiao mini jiehun giezhi ernien oluwo,我妹妹已经结婚两年了
hhe kienle jiehun giewo,她跟谁结婚了
hhe nie tolazhi kaiyichen kunle jiehun giewo,她和一个拖拉机手结婚了
hhela de kewos wain u uwo,他们有孩子了吗
hhe meliedu sarade nie kewon oluwo,她上个月生了一个男孩
mini kewon zhunbei giezhi liuye jiehun giene,我儿子准备月结婚
hhela yan shijie de jiehun giekuni dao jiejin ese giezhi wo,他们还没决定什么时候结婚
hhelani sunzila igua fugieda wo,他们的孙子现在都长大了
bijienni giebide hao zoyou de ghurun ijiene,我们邻居号左右办喜事
chi khala olusan,你出生在什么地方
bi endese hhende golo witu nie zhenzi de olusan wo,我出生在离这里不远的一个小镇里
chi khala fugiedasan wo,你在哪里长大的
bi jiu ene agvinde fugiedasan wo,我就在这个村子里长大的
gayi mini milagvanse baza fugieda san wo,我哥哥从小在城里长大的
chi khala saozho,你住在哪里
bi ene agvin nanbangiede nie jien wafan de saozho,我住在村南的一间瓦房里
dawasan de ene oronde olon bienziwo,在过去的年里，这儿发生了许多变化
hhezegven giela ighua shi dawasan shiniende baigvasan wo,那些房子都是在过去十年中建造的
chi giebila chimade gao wain u,你的邻居们都对你好吗
chini giebini hhe nie gie shi giezhe banjizhi iresan wo,隔壁那家人家是什么时候搬来的
hhela banji zhi ire kude bi dao mila wo,他们搬来时我还小呢
endedu gunshe weishiinyan khala waine,这里公社卫生院在什么地方
hhe nie tashi qiaoni dawa ma hhe enbaine,过那座石板桥就是
xienzhiinfu de echise ali miende yawune,去县政府朝哪个方向走
"izhi nanbangiede yawu,nie mila mutun shidase borun miende ghuaiqi ma enbaine",一直朝南走，见小树朝右拐就是
hochezhan de echise mo giedugvan wo,到火车站去有多远
endese dao gholo wo,离这还远呢
ghuanzi jiu lijien ni duibade wo,饭馆就在旅店对面
chi ereizhi olu shidane,你能找到的
endedu chadagvan shanjien khala waine,这儿的近一点的商店在哪儿
bi ene manse yawumu hhe manse yawune,我是从这边走，还是从那边走
ene dao gao wo,这个更好
bi shanjiense ezegven nie dunxi agile echine,我从商店买些东西
chi musisan hhe jien neirazho,你穿的衣服合适
ene jien shi chouzi gala giesan wo. chi kielie oluzhi wu,这衣服是绸子做的，你说是吗
imutu hai ede hoyikuni wainu,这种鞋现在还有卖的吗
"hhe nie qibao uzhese seigvan nowo,ma baer olon echine",他那提包看起来很漂亮，就是太贵了
ighua giedugvan baer wo,一共多少钱
chi hhe dansun ni namade jieliezhi ogi,请你把盐递给我
"ene isan zanan wo,chi namade ganjin ni nie ogi",这雨伞脏了，我给你个干净的
bi hhe nie xianzini yanzi ma yanse ni naiyine,我喜欢那箱子的样子和颜色
ene bosi qienqie luse zholienno wo,这种布摸起来很软
ene ganchanse biedungvanni wainu uwo,有没有比这粗一点的擀面杖
enuduku qienq matugvan wo,今天的天气怎么样
gaono wo,很好
hhe ghua agvachou mugvundu zho,那两头种牛在相斗
fuzhugvudu niudu maomao ghura bao wo,昨天下了一天的毛毛雨
magvashiku qienqi shi uzhe se matu giene,明天的天气你看怎么样呢
uzhese mahashi zhasun baone,明天有可能下雪
xiawude dakumu arulu ne,下午可能转晴
qienqi xienxien khalundale qiyiwo,天气渐渐热起来了
enudu chini jinshiin matugvan wo,你今天身体怎么样
ene magva namade gao wi hin wo,今天早上我感到不是太舒服
fuzhugvudu bi giemere wo enudu gouji gaodawo,昨天我病了，现在好点了
fuzhugvudu bi daifu xinlazhi nie uzhegvawo,昨天我请大夫做了一次检查
ene yese hhe mini xiaoshide nie ijie giezhi kieliewo,他叫我每个小时服一次药
mini tulieku tuyi wo ma bi dao kana zho,我的烧退了，但是还咳嗽
"daifu kielie se mini onggie chigatu zho,zhiyen ijiese mini shiinqi gao uwo",医生说我脸色苍白，吸烟对我身体有害
mini jiao ni qiaorun otuzhi hin wo,我弟弟的头疼得厉害
hhela fuzhugvu ujieshilien hheni kaidao giewo,他们昨晚给他开刀了
chini ali nie begvelie otuzho,你的那个胳膊疼
"mini borun begvelie otuzho,jiu ene toro otuzho",我的右臂疼，就那儿疼
"chi matu giewo?qiaorun injiezho,dao mini zhugve jiaolizho",你怎么了？头疼，而且还心跳
chi uzhese ene gieni uzhezhi gaodagva shidanu,你看，这个病能治好吗
bi penjizhi chi eqiegvan gaodase,我希望你早日恢复健康
ede chi gaoda wo ye,现在你好了吗
"gaoda wo. meliedu zhuma giemere zho,danshi ede jinshiin gaonowo",好了，虽然上星期病过，但是我现在身体非常好
ene torodu ghazhade tashi olon wo.zhonjia tareise hin gao wiwo,这地方土地石头多，不太适合种植
ene oron de zhuyaoji yan tareine,这地方的主要农产品是什么
sheyanla nie hon elide ighua ghazha odoluzho,社员们每年这个时候都耕地
tolaji zhonjia tareiku fanfa ni gaiyiwo,拖拉机革新了耕作方法
bijien ni shiinde bosi nokieku gunchan olon wo,我们省里纺织厂很多
"gunchande nigun waine,nan gun ye waine",工厂里有女工，也有男工
"zhiyao ghura ulie egvise, ene honku shouchiin pese gaowo",只要不下暴雨，今年又是个好收成
"youji kun morei unukude xiqi wo,bi pese ula khireikude xiqi wo",有的人喜欢骑马，可我喜欢爬山
pese chi yande xiqiwo,此外，你有什么爱好吗
bi khalun cha de khizhi zhagvasun bareikude chu xiqi wo,我最喜欢夏天钓鱼
"imutuni wilie ni,bi chenliezhi ese dawawo",我没听说过这样的事情
"matan ghuala nie qi xiayiye,chi duran wainu uwo",咱们下一盘棋吧，你有没有兴趣
bi qi xiayi se gao xiayi ulie mejiene.matan ghuala nie banjiduye,我棋下得不好，咱们俩摔跤吧
chini xiao feiliesan gaono wo. chi nie udu nie eneni suruzho ba,你吹箫吹得很好，你每天都练习吗
bi sumulase wo nu ghuala nie kieliencheye,我希望同人或者人谈话
"duibuqi,hhe ghuala wilie ede chigvara wo",对不起，他们俩现在忙着
chi matu gie jiejin giesanni bi nie mejie ye giezhi jindazho,你怎么决定的，我急于想知道
bi sumulase chi zhuyine nie bienyigvase,我希望你改变主意
fuzhugvu magva chi jiejiende bosizho,昨天早上你几点起床的
"bi xiereisan eqie wo,kijie izhi liujien kuru dene sai bosiwo",我醒得好早，但到六点才起床
chi daishun jienne musi wu,你马上就穿衣服了吗
"eng,bi jien ne musi dede yaoshe ijiele echiwo",嗯，我穿好衣服就去吃早饭了
fuzhugvu magva chi yan shihou de gunzuo gie kailiwo,昨天早上你什么时候开始工作的
"bi de giese likaigiewo,bajien ban de gunzuo gie kaiyi wo",我点离开家，开始工作
chi niudu gunzuo gie wu,你工作了一整天吗
"oluzho,bi eqie magva se izhi gunzuo giezhi xieni kuruwo",是的，我从早上一直工作到深夜
bi de gunzuo giezhi ba olu senu khareizhi kide echiwo,我工作完毕，然后回家了
bi ujie shilien de kijiewo,我晚上睡觉
bi daigoshun hhuntura wo,我很快睡着了
nie xieni kijiesan futan wo,整个晚上我睡得很舒服
chi fuzhugvu ujieshilien khala wo,昨天下午你在哪儿
"bi nie ujieshilien kide wo,bi dosila lene gandan lalizho",整个下午我在家，和朋友们聊天
fuzhugvu ujieshilien torunzhu chi yan giezho,昨天下午点左右你在干什么
bi gonbo chenliezho,我在听广播
bi chini erei wude chi yan giezho,我找你的时候，你在干什么
chi mini erei wude bi zhiin heifan ijiezho,你找我的时候，我正在吃晚饭
"bi XX ni uzhele echi kude,tere zhan shuji kielienchezho",当我去看望的时候，他正在同张书记谈话
bi ene magva yan gie senni chi tazhi mejie shidanu,我这个早上做了什么，你猜得到吗
tere ene magva yan giesanni bi ulie mejiene,我不知道他早上做了什么
tere khala saosan oronne kieliesanni bi matawo,我忘记了他说他住哪里
chi meliedu fa baba ne xinni jieliesenu ede giedun cha oluwo,自从上次接到叔叔的信到现在有多久了
tere meliedu fa chimade xin pizhisan shi yan shihou wo,他上次给你写信是什么时候
giedun cha olusanni bi jila dane,我记不得有多久了
fuzhugvu ujielien bi babadane xin pizhiwo.pese qin giezhi zhinji dane,我昨天给叔叔写了信，我不能再拖延下去了
bi mini xin sudoro giebei zhan zhaopien ni zhonlozhi echigvawo,我在信里附上了几张照片
bi giemeresan gala jinjisan shijie dene echi dawo,我没能按约定时间去，因为我病了
"bijien ghua zhochiin ni xinlazhi heifan ijiegvane giese, hhela ese irewo",我们请了两位客人吃晚饭可是他们没有来
ene bierei hai ula shireizho,这个媳妇纳鞋底
magvashi eqie magva chi yan shihoude bosi ne,明天早上你几点起床
"bi dakumu eqie xiereine, de bosi ne",我大概醒得早，起床
ingiese chi pese yan giene,然后你做了什么
bi jienne musi dene yaoshe ijiene,我穿上衣服之后吃早饭了
magvashijie yaosede chi yan ijiene,明天早饭你吃什么
bi magvashi yaoshede dakumu endegvei kuanshen ijiede,我明天早上可能吃鸡蛋和油饼
yaoshe ni ijiedene bi shanban giele echine,早饭之后，我准备去上班
"bu ujieshilien de xiaban giene, se melie kide irene",我将在下午下班，前到家
bi hhechezhi bazila dase huai jiere kherei hamarane,我累的不行的时候，就上炕休息
bi hhuntura da liaozhe kijiene,即使睡不着，我也躺着
magvashijie bi kunpa yama da ulie giene,明天我恐怕什么也不做
tere yan giekuni dao ese jinjizho,要做什么还没定下来呢
wilie ni shishi ni mejiezhi baragva dase jiejin gie dane,不知道全部事实，不能做决定
chi hhende zhasun bao wo ye,你那里下雪了吗
chi musisan shi yan jien wo,你穿的是什么衣服
bi musisan shi mien dayiwo,我穿的是棉大衣
"mini jienla ighua zang no wo,musizhi ulie olune",我的衣服全都脏了，不能穿了
mini ene nie ganzi jien made ese neirazho,我的这个衣服很不合身
uzhese ene nie medun ni bi musi dane,看来这个裤子我穿不了
chi zhosan shini magvalani bi zhuyi ese giezho,我没注意到你戴着帽子
chi yan giezho,你干什么呢
"bi shu uzhe zho,chi yan giezho",我在看书呢。你干什么呢
"bi ede yama ese giezho,nie cha baise bi dosi dene xin pizhi wo",我什么都没干。过一会，我给朋友写信
bi kide khareine,我回家去呢
ede bi dosine kide echine,我现在去朋友家
chini oqinjiao ede ali oronde wo,你妹妹现在在什么地方
hhe mande nie dosilene kielienchenduzhwo,在那边和一个朋友谈话
"ede bi jiu yawulane,hhe mande kun mini sagveizho",现在我就要走了，那边有人在等我
chi nie udu jijiende bosizho,我起床之后，常常叫醒我弟弟
mini jiao mini mase udazhi bosizho,我的弟弟比我起得晚
"tere gojia jienne dao musi ulie mejiene,tere dao mila wo",他还不会自己穿衣服，他还小呢
bi?hheyi nu kani wagvagva dene jienni musigvazho,我给他洗脸洗手，然后给他洗衣服
tere jienni shidan giezhi tezhila dane,他试着扣扣子，可是扣不上
bi jienne musidene sai yaoshe ijiene,我穿好衣服才吃早饭
bi suchan yaoshede yagvanie olon ijiene,我经常早饭吃得很多
de torunzhu bi heifan ijiezho,点左右我吃晚饭
"bi dakumu de kijie zho,dai kijiese jiu hhuntura zho",我大约点半睡觉，刚睡就能睡着
man khizhe,都出来
"dan ghura ese baose,bi zhagvasun bareile echizho",如果不下雨，我将去捕鱼
chi dan eqiegvan baosizhi pese chimade yaoshe ijieku shijie waine,你如果早些起床的话，你本来是有时间吃早饭的
"made shijie bizhi pese ,bi chini ochirale irene giezho",如果我有时间的话，我本来是要去看你的
chi hhende kha ese zhaoyizhi pese tere chiyi chujiegve shidanu,如果你没向他招手的话，他还能看见你吗
chi ese khantarei zhi? unase chini shigvara ulie ghurane,如果你没有滑倒的话，你本来是不会把腿摔断的
bi chini echikuni mejie zhi pese bi jiu morei ne chimade layizhi iregvane,如果我知道你要去的话，我是会把马给你牵来的
chimade yeshi wikuni bi mejie zhi pese bi jiu wijienni ulie sozila ne,假如我知道你没钥匙的话，我就不会锁门的
"tere biinlai nemale hantu echine giezhi wo,teren de shijie uwo",他本来是要和我们一起去的，但是他没有时间
bi ene mo ni nie asazhi pese mone ulie widagvane,我如果问了这个录得话，我就不会迷路了
bijien hhamara shida liaozhe hamarakuni ulie sumulane,即使我们可以休息的话，我们也不想休息
magvashi ghura ulie baose bi yagvanie agile echine,如果明天不下雨，我非常想去买东西
bijien dagaili echine.ene yao magvashijieku qienqi mutu gie guiluse sai jiejin giene,我们可能去也可能不去，这要看明天的天气如何变化才能决定
magvashijie made shijie bise bi qiaorun duli le echine,明天我有时间的话，我去剃头
mini kewon fugiedese jiefanjin danlane giezhiwo,我的儿子准备去当解放军
bi riinwu ne jinjisan shijiede giezhi putugvase de kharei zhi echine,如果我按时完成了任务，我星期一就回北京
bi chini dagvazhi echi dakuni chimade kieliese chimade yama ijien wainu uwo,如果我跟你说，我不能和你去，你会对我有意见吗
bi chimale hantu echise se melieshi khareizhi irene,我要是和你去的话，就得点之前回来
"giezhe made jihui bise,bi ene oronne nie arunzhane giezho",一旦我有可能，我打算换换环境
"tere dakumu kide echizhi gonien gie dane ba,inwei tere shigvenie ulie giezhi putugva dazhi wo",也许他不能回家过年，因为他还有许多事情没有做完
chi ghurun ijiele echise chi yan jien musi ne,你如果去参加宴会的话，你穿什么衣服呢
"chi made banman gie,olu lie",你帮我一下，可以吗
"chi made banzhu giezhi nie tunkuzhi ogi,mini chezi shuwata wo",请你帮我推一下，我的车子陷在泥里了
chi mini ene xinni dailazhi nie egvizhi ogise olu lie,你帮我把我的信发出去，好吗
"uijienni? nie ,olu lie",把门开着行吗
chi enezegven nie usuni hhe xinienpiinde kie,请把这些水倒在洗脸盆里
"chi hhende kielie, bi ende wo",你跟他说下，我在这里
chi mafan gie zhi zhulani feiliezhi xiniegva,请把灯吹灭
ene xieni chi enezegvenni ojienlani giedene ugvuzhi echi,今天晚上你把这些东西带回家去
dan chimade shijie bise chi magvashi nie irese olu lie,要是你有时间的话，明天来一趟，好吗
ene wilieni chimade giegvase kunpa chimade te mafan wo ba,叫你做这件事情，恐怕是太麻烦你了
ene shi bi sumulase chi nemade chu khuinashiku banman gieku nie wilie wo,这是需要你帮我的最后一件事
chini giesan enezegven wilie ni hhe ibeiz ulie matane,你做的这些事情，我永远感激不尽
"bi chimase gouji nie baer asugvune giezhi sumulazhi wo,chi made bae shikuai asugvuzhi ogise olu lie",我想向你借点钱，你能借我块钱吗
"ede chi mini bu jiaodala,bi jinda zho",现在请你别打搅我，我很忙
"pese made giegvaku wilie bise,chi made nie mejiegva",如果还有别的让我做的事情，请告诉我
hhe kunpa giedene echiwo,他恐怕已经回家去了
hhe maokoune dakumu gaiyi dane,他的坏脾气大概改不了了
chi matu giezhi sumulazhi wo?qingiese olu zho ye,你怎么认为，那样对吗
"danran,ene wiliede chinugvun hen oluzho",当然了，关于这件事你是绝对正确的
bi sumulase hhe wilieni chi giezhi sodagvazho,我认为那件事情你做错了
chi uzhese magvashi ghura baonu lie,你觉得明天下雨不下
bi mulian giese ghura ulie baone,我估计不下雨
bi uzhe se hhe shi nie yagvanie gao zhuyi wo,我觉得那是个很好的主意
hhe yale ingiezhi hhechezhiwo,他为什么那么疲倦
ene genzini chi sumulazhi olunu,你知道原因吗
hhe hende hhecheku shi kunpa hhe enudu niudu karantala hhende wilie giesan yanyin wo,他很疲倦恐怕是因为一整天工作很紧张
chi uzhese mini kewosla matugvan wo,你觉得我的孩子们怎么样
bi uzhese chini kewosla kunde yagvanie talane,我觉得你的孩子们很讨人喜欢
bi uzhese ene xieni chi giedene saose oluzho,我觉得你今晚应该呆在家里，怎么样
ada giede yan giezho,爸爸在家做什么呢
ada gienan giezho,爸爸做馍馍呢
kiende ijiegvane,给谁吃呢
fuzhugvudu baosan zhasun benmi waine,昨天下的雪半米深
enedu ku mo khantarei ne,今天的路滑
mo yawu ku chijia no,路难走得很
"ta xiaoxin gie,bu banjindu",你们小心些，别摔了
musa ersa se holusan ghudu wo,木洒比尔萨跑得快
"xiexiaode echise,bi chimase jinchan eqie wo",我通常比你早去学校
"bi ulie iretala kien ireliaozhe,ta wijienni bu nie",我没回来之前，无论谁来你们都不要开门
boro morei melie orowo,青马跑在前面
chi mini shoubiao ni qida olugvawo,你把我的手表弄坏了
chi khanugvunne made ogi,把你自己手里的给我
Osun,草
Bencheni osun osisen on hin wo,离离原上草
"Nie hon nierei fa osizhi ondane,niereifa bayizhi ghone",一岁一枯荣
Khanghala sidaragvazhi fugugva dane,野火烧不尽
Chunqienni kai feiliese puse osi qiyine,春风吹又生
chi gao wo nu,你好吗
gao wo ya Chi gao wo la,好啊你也好吗
ani giede giedun matu kun wo,你家里有几口人
"tawun matu wo, nie nienei wo,ana awi wo, gienugvun wo,dao nie kewon wo",五口人，一个奶奶母亲父亲家里的，还有一个孩子
nienei chini nasun fugiedawo ba,你奶奶年龄大了吧
"ene hon olune,yasun dao khidun wo",今年七十了，骨头还硬朗
kewonchiyi nasun giedun oluwo,你孩子年龄多大了
"hharan kieliene,ede xiexiaode onshizhiwo",说是十岁了，在学校念书
chi gao wo nu,你好吗
gao wo,好啊
ta man kieliendu zhe sha? bi nie da chenlie zhi mejieda zho,你们都在说是吧？我一句也没听懂
"chi mejie dase,gaode chenlie sha",你听不懂的话，就好好地听呀
"oqiaolu se,chighin kielien ni ulie chenlie ne",老了。耳朵不听话了
"nie chighin ulie chenlie se,da ni ghala chenlie sha",一只耳朵不听话的话，就用另一只听
da nie bierei sida huailugva zho,另一只被媳妇揪坏了
ta ene kewon ne izhi onshigva ulie,你们会让马得龙一直上学吗
"onshigva giezhi izhi sumula zho ma ,nanxin shi onshigva dazho",一直想让他上，但因为家里困难没有能力供他上学
"ene kewon ingie mo yawuse ,hai fudu zhu ye",他脚这个样子，走路一定很费鞋吧
"chini kon kha chiyi imutu shi ,kewosla chini xinie gie zho ye ",孩子们有没有笑话你
xinie zho,有的
"kunla chini uzhezhi xiniese ,chi zhugvedene matu giezhi sumula zho",别人取笑你的时候，你心里是怎么想的
qingiese ede lai,那现在呢
"ede jiu izhi suru wo,kewosla uzhe zhi xinie zho, oqinla uzhe zhi xinie zho",现在已经读书呢，男孩也笑他，女孩也笑他
"kunla ye uzhe zhi sugie zho, laoshila ye sugie zho",现在只要别人取笑他，他就会骂
chi enehon giedun olu zho,你今年多大了
shijiu olu zho,十九了
chi shu onshi zhi gieru zho ye,你有没有读过书
bi shu onshizhi ese gieru zho,我没有读过书
gouji da onshizhi ese gieru mu,一点都没有读过吗
gouji da wiye,一点都没有
"chimade nie onshi ku jihui waine shi, chi onshiku duran waine wo",如果让你读书，你愿意读吗
tani ene agvinde shu onshisan kun olon waine uwo,你们家周围上学的孩子多吗
giede ese onshigvazho bei? Yuanyin shi lai ,家里不让读么？原因呢
gie gouji fugiedase ese onshigva zho,家里我们稍微长大点就不让读书了
"chi made kewos waineshi, chi onshigva u lie",你有了孩子后呢，让他读不
onshigva ne,让读呢
ene kun yale da ese irewo? khala echiwo,这人怎么还不来？去哪儿了
bi irewo,我来了
"chi sai irewo,enedu yale imutu udawo",你才来，今天阿么这么迟
Bi ojien agile echiwo,我买东西去了
Ene shi bi chimade khugvosan wo,这是我送你的
"enbenu? bi nie uzheye,chi made ogisan shi yan wo",真的吗？我看一下，看看你送的是什么东西
gao ojien wo ya,好东西啊
ore ala ya,心疼死料
Enedu shi chini olusan uduwo,今天是你的生日
"Bi jiejin giewo,matan gonzide idun ijiele yawuye",我已经决定了，我们去饭馆吃一顿
"giede nie maoer wo,matan yazini giede jiese olu nu",家里有只猫啊，我们把鸭子放在家里安全吗
"chi gaode fanxin gie ,bijienni maoer gaodiin jiayuni surusanwo,hu ulie ire ne",你放心好了，我们的猫啊，是受过高等教育的，绝对不会胡来
"o ,na bi pusene nugvun ghoyi ye",哦，好我找其他人借一下
"Nie kozi kun eqie magva,nie kozi fudu dazhu ghulusun bareisenu bazade orone",有一个人大清早拿着根长竹竿进城
"Baza wijien de echise sai mejie wo,ene dazhu ghulusun tai fudu shi oro dane sudoro ni",到了城门口才知道，竹竿太长进不去
"Undu de bareise ye orodane,agveide bareise ye orodane",竖着拿进不去，横着拿也进不去
Ene kun zhin baizhi banfa sumula wude ni shijie,这个人正站着想办法的时候
"Nie kozi laojiga yawusenu dawazho,hende kieliezho",一个老汉走过来，对他说
"Ene sunfan no,dazhu ghulusun dundase siragva,dawa irewo bei",这个容易得很，从竹子中间锯断，再过去呗
Hhe kun chenliesenu dazhu ghulusun dundase siragvawo,那人听了之后就把竹子锯断了
Eqiede ni nie kozi ga kewon wo,从前有一个小孩
Hhe ghoni adulazho,他放羊
Nie ududeni hhende yama gieku wilie uwo,有一天他无事可做
Hhe ghudan kieliezhi kunlani hunlane giezho,他说假话欺骗别人
Hhe waradazho,他喊道
"gao widawo,zhanghei irewo",不好了，狼来了
Man ashigvala irendu ya,大家快来啊
Agvinni kun khudogvo sugie teiya barei dene man irewo,村里的人拿着刀子斧子棍子都来了
Kunla asazho zhanghei khala waine,人们问狼在哪呢
Ga kewon xiniezhi kieliezho,小孩笑着说
"bi tande nadun xiniezho ma,yama wilie uwo",我跟你们开玩笑的嘛，什么事情都没有
Kunla man ho kuruwo,人们都生气了
Khuinashi ni zhanghei shihua irewo,后来狼真的来了
Ene kewon fugiede waradazho,这孩子大声地喊
Zhanghei irewo,狼来了
Ene fa kunla kiemen man ulie pixierene,但是这次人们无论谁都不相信他了
Nie kozi kun da ese irewo,一个人也没来
Zhanghei ghonilayi man iye agiwo,狼把羊全吃光了
Ga kewon wila wo,小孩就哭了
Ingie liaozhe hheni nie kozi da asaku kun wiwo,但是一个理睬他的人也没有
Ye chenlie ye gholodo,越听越远
Hulan khushun laowa,红嘴老鸦
Khara beye mighala ranjisan mutu,一身黑色如同墨染成
Olien nuni zheyisedanu shinqini sonusune,云彩遮住脸但能听到声音
Ye chenlie ye gholodowo,越听越来越远了
Dadou chizhe,大豆花
Dadou chizhe chizheliezhi,大豆开花时像
Basi aman angheizho,虎张开口
Maorei xien ghala wanjisan maodan,马尾挽起的圆球
Bireila yawuduse,妇女们行走时似
Kai liumu mutunni pugharagvazho,风吹杨柳摆动
Fugie bienzini khuina feiliezho,大辫子在后面飞舞
qiende ene nie oron de meiliese enzhegve wiwo,黔这个地方本来没有驴
nie kozi shiqing olon ni netunie kun moron de enzhegve layi ene oron de irewo,有一个喜欢多事的人用船载运了一头驴进入黔
enende layi irese yama yunchu uwo,运到后却没有什么用处
ingiese eneni ula konde layi tai jiezho,就把它放到山下
ingie se laohu basi ene ni chanlagvawo,老虎看见它
"laohu sumula se imu fugie dunxi ma, ingie se eneni sheitang danglagva zho",老虎看见它，觉得它是一个庞然大物，把它当作是妖怪
ghula zhi mutun dunda uzhe zho hheyi,藏在树林里偷偷看它
lalagvan de hheyi shida echiwo,渐渐地靠近它
ene shi yan dunxi waine shi giezhi,心想这是个什么东西啊
nie udu de ni ene enzhegve nie onghono se laohu ayi niende hu holu zho,有一天，驴叫了一声，老虎非常害怕，便逃到远处
ene sumula se orun ni zhao nu mutu giese ayi niende jiu,认为它将要咬自己，非常恐惧
ingie se laohu pese holu zhi ire hheyi uzhe zho,但是老虎又来来回回地观察它
ingie laohu shida irese niende fama biinshi wiwo,觉得它没有什么特别的本领似的
laohu lalagvande enzhegveni shenqi shouxi wo,老虎逐渐熟悉了驴的叫声
ingie pese shida ni ire se meilie irewo khuina irewo ingie liaozhe hheyi ayizhi zhao da zho,出现在它的身前身后，但始终不敢咬它
"ire se shimatu mugvu zho, jiere kaoyi zho",老虎又渐渐靠近驴态度更加亲近而不庄重
"ingiese,enzhegve niende ho kuru dene shigvara ghala tayi zho",驴非常愤怒，就用蹄子踢老虎
laohu bayasu niede sumulazho,老虎一下子高兴起来，盘算着这件事想
ene enzhegve de jiu imutu ezegven biinshi ma,驴的本领只不过如此罢了
ingie dene jiaoli bosizhe nie onghono,于是跳起来大吼了一声
Hohodou manan ghuala,田鼠和鼢鼠
Eqiedeni hohodou manan ghuala dosi tanizho,有一天田鼠和鼢鼠交了朋友
Hohodou de nie saigvan xien wo,田鼠有一条漂亮的尾巴
Mannan de nie saigvan nudun wo,鼢鼠有漂亮的眼睛
Nie udu deni manan ulade toreile echiwo,一天鼢鼠上山玩
Yawuzhi mo jiere echise fugie kai bosidene mananni nudunde tura shazini feilie orogvawo,走到路上刮起了大风，鼢鼠的眼睛吹进了沙土
Nudunseni nigvusun urusune,眼睛里流起了眼泪
Ene manan sudorone sumulazho,这个鼢鼠想
"Namade nudun wiwo,saigvan xien bise,giedun gao wo",我要是没有眼睛，要是有漂亮的尾巴多么好啊
Ingiesenu hhe giedene kharei zhi ire kijiewo,于是他回家睡觉了
Nie ududeni hohodou mananni giede echine giezhi yawuzho ma,一天，田鼠准备去鼢鼠的家嘛
Hhe sumulazho,他想
"Namade nudun bise, giedugvan gao wo",我要是有眼睛多好啊
Mo yawuse ulie qienqielune,走路的时候就不用摸着了
Ingie mananni giede ire manande hunlazhi kielie,于是来到鼢鼠家，哄鼢鼠说
Mini ene saigvan xienghala chini nudunni arunzhaye,用我的这个漂亮的尾巴换你的眼睛吧
Manan kielie zha jiu ingie,鼢鼠说好就这么办吧
"Ingie hohodou manan furagvakuse ayizhi,shizhagvan jilimao man uruzhi ire hohodou kielie",于是田鼠鼢鼠怕反悔，把老鼠松鼠都叫来，田鼠说
Mini saigvan xienghala manan dosine nudunni arunzhane giezho ma,我准备用我的漂亮的尾巴换我朋友鼢鼠的眼睛
Ta mejiendu,你们应该知道
Ingiese manan bayasuzhi arunzhi ogiwo,于是鼢鼠高兴地交换了
Hhe uduse khuina manan sugho oluwo,此后鼢鼠成了瞎子
Yama chujiegve dane,什么也看不见了
Hhe shizhezhi zemin doura oro widawo,他害羞得钻到地底下去了
Hhe kharade udune dawagvazho,他在黑暗中过日子了
"bijien ene santade nie hon nie ghua aye wo.nie melieshidaku aye wo,nie khuinashidaku aye wo",我们这些萨尔塔人，每年有两个尔德节，一个前尔德节。一个后尔德节
"bijien nie hon nie sara orozo bareine,orozo bareise xieni ni tiigha khailase yaoshe ijiene",我们每年有一个月封斋，封斋期间凌晨鸡叫就起来吃早饭
naran pudase heifan ijiene,日落后才吃晚饭
udu ni nie udu kharantala ulie ochi ji ulie ijiene,白天一直到天黑，不吃不喝
ingie zhi bijien sanshi qien orozo bareine,就这样封斋天
sanshiqien duruse bijien orozo taine,三十天满了我们就开斋
mechide man hhantula echise aye fujiene,到清真寺去过尔德节
orozo taiku hhe magva kunla zarade hejien onshile echine,开斋那天早晨人们去墓地念经
orozo taiku ene shi melieshidaku aye wo,开斋这天是前尔德节
ene melieshidaku ayede hhalide kuruchen kunla kuanshen susan chinane,开斋节，经济条件充足的人家炸油饼，酥散，送给村里的人品尝
bijien orozo bareiwude buwalani xinlazhi orozo niegvane,我们请阿訇来吃饭
nenggou de kuru dase ulie xinlane,如果经济条件不够就不请阿訇
qingulani giede orozo niegvale echine,还要到亲戚家开斋
"orozo niegvale echise tiigha, chaye shihenie ugvu zhi echine",开斋的时候带去鸡，茶叶等礼物
"bijienni qingula bijien ni orozo niegvale ye irene,bijiende ye mure ugvune",我们的亲戚也来为我们开斋，也给我们带来礼物
orozo taizhi qishiqien oluse khuinashidaku aye ni fujiene,开斋节之后到七十天就过后尔德节
ene ni khidei ghala zaishengjie giezhi ye uru ne,这个节日，汉语也叫宰牲节
khuinashidaku ayeni udu kunla man hhantulazhi mechide echizhi aye fujiene,后尔德节那天，人们都聚集在清真寺里做礼拜
fujie zhi ba oluse ghoni iman zharune,礼拜之后宰绵羊和山羊
niingou de kuruchin kun ghoni iman fugie zharuzhi aye giene,经济条件充足的人家过尔德节要宰牛宰羊
nenggou de kuru dachen ulie giene,经济条件差的就不宰
aye giekude ghoni iman fugie enelani ghurude zharuzhi baragvane,过节宰牛羊要在三天之内宰完
ghurudu se khuina shi ulie olune,三天之后就不行
bijien ni dunxian kun pezezi santala migva dunda ijiekuni shi ghoni iman fugie tiigha yazi no enelani migva ni ijiene,我们东乡人和其他的穆斯林，只能吃绵羊，山羊，牛，鸡，鸭，鹅等肉类
"zharuse ijiene,fuguse ulie ijiene",只能吃屠宰的，不吃自死的动物
gojiala onshizhi zharusanni ijiene,只能吃自己念经之后宰的
nangala alase ye ulie ijiene,不吃汉人宰的
ula ni ojiende luge yeji enezigvan ni migvani ijiene,山上的动物里，可以吃鹿，野鸡等动物的肉
egvizhi shang deiliegvadene bareizhi zharuse ijiene,但必须是打伤以后捉住后宰的
egvi alase ijieku ulie olune,不吃被打死之物
bijien dunxian kun pezezi santala khighei migva nogvei migva ulie ijiene,我们这些东乡人和其他散塔人，不吃猪肉和狗肉
"khiighei fugunghala giesan jienxin ,bingan,yan gie liaozhe ijieku ulie olune",用猪油做的点心，饼干等，无论如何吃不得
"dagai liushinianse melie bijienni dunxian ni ere kunla pixie pixieliene .ghudusun musine,khudogvo zhone",大约在六十年以前，我们东乡族的男子都束腰带，穿靴子，挎着刀
eme kunla xiaonao musine,妇女们穿小袄
xiaonao ni ghanzhun kouzi jiere enggie ghiizha jiere xiangbian ghada zho,小袄的袖口和衣襟的边儿上，镶着沿条儿
chighen jiere yaqienzi zho zho,耳朵上戴耳坠子
begvelie jiere panzi zhozho,手腕上戴手镯
echan jiere yaqienzi zhozho,在胸前戴牙签子
kon jiere mujizi hai musizho,脚上穿木底子鞋
"hharan tawunni sara,asiman jiere khirei ire wo",十五的月亮，升到了天上
kanzide yale olien wiwo,旁边为什么没有云彩
saigvan oqin ni chini sagvei zhiwo bi,我等待着的漂亮的女孩
chi yale da ulie ire ne,你为什么还不来呢
asiman jiere du ghura ulie baose yao,天上的雨如果不下的话
zhangha chizhe gojiane ulie chizheliene,核桃花不会自己开呢
mini gaga chi gaode sagvei zhiwo bi,我的哥哥你让我好等啊
"chini zhugve ni kun ,ghujinde holu zhi ire ne",你心上的人，快点跑过来呢
chade ni chizhe ni niere,你有一个花的名字
saigvan oqin zhoma la,美丽姑娘卓玛拉
chade nie chizhe ni uxin,你有一个花的笑容
saigvan oqin zhoma la,美丽姑娘卓玛拉
chi nie musichin bunzhu ni xianli,你一飞的小鸟像哩
banche dunda daola zho,草原中间歌唱
chi nie musichin hhebegvei ni xianli,你一飞的蝴蝶像哩
chizhe dunda huarala zho,花丛中间闪烁着
banche dunda du gesan chizhe,草原中的格桑花
chi saigvan ula de ogi wo,你美丽山向给了
chiyi qiezhesan ula,把你养育的山
chi saigvan banchede ogi wo,你美丽草原向给了
chiyi qiezhesan banche,养育你的草原
"Baozi lashigva ghuala egvindu zho, lashigva baozi arasunni egvi kaiyigvazho",包子和面条他俩打架，面条把包子皮打破了
baozi ho kuruzhi kielie chi gaode sagvei,包子生气地说你好好地等着
"puse nie udu, baozi iban zhunbula uduru lashigva egvile echiwo",又一天，包子领着一帮馒头打架去了
mo jiere fanbienmien chujiegvewo,路上看见了方便面
zhunbula fanbienmien idun zayizho,馒头把方便面打了一顿
baozi aman wairu ghala kieliezho,包子歪着嘴说
"zagieda,chi iwei chi usunne tanjise,hoji chini tani dane ba",杂疙瘩，你以为你把头发烫了，伙计我就不认得你啦
"Ghua unzi mokiende basun iyezhi saozho,ga unzi anadene asazho",俩蚊子在茅坑正吃屎，小蚊子问他妈妈
"ama,matan yale jin basun iyene",阿妈，咱们为什么尽吃屎啊
"fugie unzi qiaorun jiere ni ghua zayiwo,kielie",大蚊子在他打了俩下，说
"budan iye kudeni,chaoregva kuyi bu kielie",吃饭的时候，不许说让人恶心的事情
dosila jierese layizho,朋友们从上面拉着
bi dourase zhanjizho,我从下面举着它
ingiezhi khizhegvawo,这样把它从从坑里弄出来了
Bijien bayasizhi ghonini taodene khareiwo,我们高兴地把羊赶回去了
Simagon gaxienzi de naozi linfan wo,司马光小时候很聪明
Niefa de ni zhenlien la se hhantu nadule echi wo,有一次和朋友们一起玩
Nie kewon nie usu tayi zhi durusen fugie gan de anda bao wo,有个孩子掉到一口盛满水的大缸里了
uzhe zhi banjien yenjia fugu wo,眼看就要淹死了
pese de du kewosla ayi zhi holu wida wo,其他孩子都吓跑了
ingiese Simagon nie banfa sumula zhi khizhe wo,司马光想出个办法
hhe nie fugie tashi ghala gan ni zayi gha olugva wo,他拿块大石头，使劲砸缸，终于把缸砸漏了
gan ni usu ye holu wida wo,缸里的水都流光了
ingiese hhe nie kewon jiuyi khizhe wo,于是那个孩子得救了
nubusun baozhi irezho,今年九月，陶斯亮女士又组织第二次旅游助学市长团再次来到我省，帮助了五十多名东乡县儿童
"Ene hon yesun sarade, hhela puse mani shen de iredene, gie onshi dasan kewosila banzhu Giezho",她们计划未来五年都要抽时间来甘肃
hhela da jihua giezhi khuinashi tawun Honde choukun giezhi mani Gansu dai,看望这些受到捐助的孩子，直到他们小学毕业
"ene kewosila izhi binie Gie tala, irene giezho",既然元就能帮助一名山区儿童完成一年的学业
kuai baer shi ula jieredu nie kewosi nie hon onshine ,她希望通过自己的努力带动并影响周围的人，都来关心一下这些渴望回到校园的失学儿童们
hhe xiwan ghuajiayi xindun kunlayi daila inxian giezhi man onshi dasan kewosila ghuanxin giezhi xiexiaode onshile echigva,让路
Mo ranji,在这片强悍之地，在这片与官府互相敌视之地
"Ene turu waizha oronde,ene turu noyenlare, nudun furasan oronde",又令人感动的保存着良好的民风
puse kunni zhugve zholieregvakui chu gaoni xighuan cun Jizho,我在甘肃东乡的大山里走路时
Bi gansu dunxian ula mo jiere yawuse nie ,曾经看见了一幅传说中的景象
kunla chuanjizhi kieliesan chujigve wo,远远山路上走来了一对婆媳
"ula mo jiere gholose nie ghadunmekie ,nie kuan bierei ghuala yawuzhi irewo",见我后
mini chujiegve dene ,年轻的媳妇背过脸
nasun chighan bierei nune ochira dawa,看向山崖
ulade uzhezho,年老的婆婆叉手站在前面
oqiao nieneigie ghua khane dayi melie baidene ,对我们行礼
made lixin giezho,再走了一程
puse nie cha mo yawuse,迎面有一人骑着自行车驶来
melie nie kun zixinche unuzhi irewo,发现我之后那人下车让路
mini chujiegvedene hhe kun chezi jierese bao mo ranjine giezhi,险些摔倒在山路上
gouji chayi shuaiqi unane,心理怀着感动和惊奇朝前走着
bi zhugve ghaniradene melieshi yawuzho,一路上遇到的农民毫无例外地让路荒山中严守着淳朴的礼节
"mojie ochirasan zhuanjia kun,nie da ese feiliezhi mo ranjizho , huanshan ulade da liyila zunjizho",宽宽的大路一次次地被让给了你一个人
agvui moni nie fa nie faji miyi nie zhande ranjizhi ogizho,让路在中文中尽管还有这个词汇存在
ranlu ene lugvqi khidei uroude da feiliezho,但除了在这片黄土世界里，你在哪里也难找到这个词汇产生时的古老景象了
dan ene shira tura oronde dawase puse khalama ene urou zhaya san eqiedewuni yanzi ereizhi olu dane,一封信
Nie fen xin,马院长
Ma yenzhan,你发的信我看了非常高兴
Chi fayisan xin uzhekude bi bayasu alawo,你发的两封信我都看了
Chi fayisa ghua xinlayi bi man uzhewo,我现在去国外工作
bi ede Gowai echizhi gunzo giezho,因此，这几天电脑信箱没有打开
"Ingiese, ene ghuaRudu jiennao xinxianni ese niewo",一看你的信是较早发出的
bi uzhese chi eqiegvan made fayiwo,我们都好
Bijien man gaowo,我们离开兰州时
bijien lanzhuse likai gie kude ,你请我们吃了好吃的
chi bijienni xinlazhi gaoni ijiegvawo,真的麻烦了，你对我帮助很大
"zhenzhen mafan giegvawo, chi made banman gie San fugie no wo",以后东乡的事情你一直要帮忙
ihou dunxian kunlade gao Wilie giekude chi izhi banman nie gie,你说的片子我已要来
Chi kieliesan pienzi bi kerezhi oluwo,有机会给你带来
Jihui Bise chade echigvaye,兄弟俩
Gayijiao Ghuala,从前有一个人
Eqiede nie kun wo,这人的前妻给他生了个儿子就去世了
ene kunde meliedu biereini nie kewon oludene duya ijiewo,这人又娶了个媳妇
Ene kun puse nie bierei agiwo,这个媳妇也生了个男孩
Ene nie biereini ye nie kewon oluwo,这媳妇一直虐待老大
Ene bierei fugie kewonne izhi zaya giezhiwo,就这样，一天天地过去
Ingiezhi nie uduse nie udu,老大长到十八岁了，老二长到十七岁了
"ene fugie kewon oluwo, mila kewon oluwo",这个媳妇还想折磨老大
Ene bierei fugie kewonne zamolone giezho,一天，她对丈夫说我们叫两个儿子出门，看谁厉害一些
"Nie ududeni ene bierei laojidene kielie Manugvun ene ghua kewonlani ghadane khireigvaye, kien hin bise manugvun nie uzheye",又对自己的儿子说你在半路上把他杀了
Ingie goye kewondene kielie Chi hheni mo jiere ala dawagva,还给了自己的儿子一些钱，没给老大什么东西就叫两人出门去了
"Ingie mila kewondene ezegven baer bareigvawo, fugie kewondene yama ese ogi ghualayi khireigvawo",弟兄俩走到一个十字路口
Ene gayijiao ghuala yawuzhi nie shizi mode irewo,商定好了三年后的今天还是在这个地方见面
Ene ghuala ghuran honni ene udude puse ene oronde ochiraye giezhi kielienduwo,三年后的这一天，两人来到原地方
Ghuran honni ene udude ghuala ene oronde irese,老大变富了，驮回一些钱财，老二变得便骨伶仃
"gayini bayazhezhi ezegven baer achizhiwo, jiaoni bixindazhi ghozhiwo",老二说哥哥，你在这井里看看，好象有些什么东西
"Ene jiaoni kielie Gaga, chi ene ghudoude nie uzhe ma, yan bikuni xianli",说在老大往井里望的时候，老二一下子把他推到井里
Gagani nie uzhele echikude jiaoni niende tungudene ghudoude baogvawo,老二驮上哥哥的钱财回家去了
Ingie ene jiaoni baerni achidene kidene echiwo,老大落到井里，落在一个二层台上
Ene fugie kewon ghudoude andazhi bao qiaoqizhe nie taiga jiere loyizhiwo,晚上，过来了狼蛇兔子三个神仙，在井沿上休息
Xienideni zhanghei mogvei taolei ghuran shinxien iredene ghudou bulunde hhamuranduzhiwo,兔子说狼哥，你给咱讲个故事
"Taolei kieliene Zhanghei agva, chi gujin nie kielie sha",狼说有一个富人的女儿病了，谁都没能治好。他家的后院里草底下有一只狐狸，把它打死，姑娘就能好了
"Zhanghei kielie Nie bayan kunni oqinni giemerezhiwo, kiemen da uzhezhi gaodagva dazhiwo. Hheni khuina ghoronni osun bugvun doura nie funiegve wo, funiegveni alase oqin gaodane",蛇仙说那富人的门口有一块石板，石板底下有一股水，他们不知道这水，从十里外打水吃
"Ingiese mogvei kieliene Hhe bayan kunni wijiende nie khara mutun wo, mutun doura shiban wo, shiban doura nie guzi usu wo. Hhela ulie mejiene, shili mo jierese usu ijiezhiwo",兔仙说富人的后院墙根下，有十缸金子，富人没发现
"Ingiese taolei kieliene Ene bayan kunni khuina ghoronni dan konni zeminde hharan gan antan wo, hhe eneni ulie mejiene",这些话全被老大听到了
Ene kielienni fugie kewon man chenlie agiwo,第二天，有一个商人从这里过，从井里打水饮路
"Khuaichu udu nie maimaikai ene oronse dawane, ghudouse lotodene usu dayile irewo",老大就坐到那人的水桶里出来了
Ene kewon sogvodeni saodene khizhewo,老大走到富人的村子里
Ene fugie kewon yawuzhi bayan kunni agvinde irese,他女儿的病很重，四处的人都没能看好
"ene oqinni gien gundu wo, gochuni kun kiemen uzhezhi gaodagva dazhiwo",富人许诺，谁能治好他女儿的病，就把女儿嫁给他
Ene bayan kun kien orunni oqinni uzhezhi gaodagvase oqinne kiende ogine giezhi kieliezhiwo,老大就去治病了
Ingiese ene kewon giennini uzhele echiwo,老大先号了下脉，说你们的后院里有一垛草，那下面有一只狐狸，把它打死，病就能好
"Ene kewon sudanni nie bareidene kieliene Tani khuina ghoronde nie osun bugvun wo, hhe doura nie funiegve wo, hheni alase ene gien gaodane",老大领了几个人，在草中上放了一把火，草底下跑出一只狐狸
Ingie ene kewon giedun kunni uduru osunde nie khan taise nie funiegve holuzhi khizhewo,他们把狐狸打死了，姑娘的病就好了
Enela funiegveni egvi alase oqinni gaodawo,过后，富人嫌老大穷，又不愿把女儿给他
"Ingiese bayan kun ene kewon jiahui wo giezhi, puse oqinne ogiku duran widawo",她女儿说你是有名望的人，话已经说出去了，现在不嫁别人会骂你们的
"Ingiese oqinni kielie Chi shi kun agisen kun wo, kielienne khireigvawo, ede furase kunla chini sugiene",就这样，富人把女儿嫁给了老大
Ingiese bayan kun oqinne ogiwo,一天，老大说你们从十里外打水吃，门口就有一股缸那般粗水的水，你们怎么不挖
"Nie udude ene kewon kielie Ta shili mo jierese usu ijiezhiwo, wijiendetani gan biedun usu wo, ta hheni ulie wayizhi yan giezhiwo",老大领了一帮人，把榆树挖倒了，下面出来一块石板，把石板取掉后流出一股水。这股水既大又干净，富人和村民们都高兴了
"Ene kewon iban kunni uduruzhi khara mutunni wayi dawagvase shiban khizhewo. Shibsnni wayi dawagvase usu khizhewo. Ene usu fugie wo, arun wo, Bayan kun agvinni kunlaji ashigvala bayasiwo",又有一天，老大给富人说你后院里有一些金子，你没有发现
"Puse nie ududeni ene kewon bayan kunde kieliene Chini khuina ghoronde ezegven antan wo, chi eneni ulie mejiene",他们俩去后院墙根下挖了一挖，真的挖出十缸金子。从此以后，富人对老大越加尊重起来
"Ingie enela echizhi khuina ghoronni dan konde nie wayise, hharan gan antan khizhewo. Enese khuina bayan kun kewonni budei danrin giewo",后来，老大驮了几驮金子，领着媳妇，来看自己的父亲
"Khuinashi ene kewon giedun achan antanni achiwo, biereine udurudene awine uzhele irenduwo",父亲高兴地问老大我的儿啊，这几年你在哪儿？你弟弟来了，你怎么这么晚才回来？老大就把经过都说了一遍
"Awini bayasizhi kewondene asane Mini kewon, ene giedun hon chi khala waine? Jiaochini irewo, chi matu udawo? Ene kewon dawasenni man nie kieliewo",后娘一听就生气了
Ene khuaitu aneini nie chenliese ho kuruzhiwo,她对亲儿子说我把你也放到井里去，你也偷听一下神仙们的谈话，发个财
"Hhe qin kewondene kielie Bi chini hhe gudoude baogvaye, chi shinxienlani kielienni ghulazhi nie chenliedene ye nie facaila",于是她把老二用绳子吊下井里去
Ingie ene mila kewonne jiesun ghala jiaoziliezhi ghudoude baogvawo,晚上，这三个神仙又来到了井沿上休息
Xienideni ene ghuran shinxien puse irede ene ghudou bulun jiere hhamuranduwo,兔说狼哥，你讲个故事吧
"Taolei kielie Zhanghei agva, chi gujin nie kielie sha",狼仙说上次的话都叫人给听去了，现在还有什么好说的
"Ene zhanghei kieliene Meliedu fa kieliesenni kunla man chenlie echiwo ma, ede puse yan kieliene",这时，猫仙发现了老二，说这个人又来偷听，咱们把他打死
"Ingiekude mogvei ene kewonni mejiewo, kieliene Ene kun puse ghulazhi chenliele irezhiwo, yala matan eneni egvi alaye. Ingie enela mila kewonni egvi alawo",金戒指
Antan Gaizhi,从前有个男孩子，他很勤快，也很善良，直译心也很好
"Eqiede nie kewon wo, ene kewon qingu hin wo, zhugve ye gao hin wo",他家里有个妈妈。这孩子给富人放羊，和他妈妈俩人一起过日子
"Ene kewonde nie ana wo, ene kewon bayan kunlade ghoni adulazhi aneikun ghuala udu dawazhiwo",有一天，这个男孩子去山上放羊，走着的时候，路上看见一条黑蛇和一条白蛇打架
"Niudude ene kewon ulade ghoni adulale echiwo, yawuku mo jiere nie khara mogvei nie chighan mogvei ghuala egvidukuni chanlawo",这个男孩子急忙用棍子把它俩分开了，于是这两条蛇各自走自己的路去了
Ene kewon jindazhi teiyaghala baoyizhi kaiyigvawo. Ingiese ghua mogveila goye moladene yawunduwo,这孩子放羊到天黑了，回去的路上，碰见个不认识的留白胡子的老爷子
"Ene kewon ghoni adulazhi khara oluwo, khareiku mo jiere nie tani daku chighan sagvantu laojigani piinjiwo",这老爷子对男孩说年轻人，你认识我么
"Laojiga ene kewonde kieliene Nasun chighan kun, chi mejie nu ulie",今天你拉开的黑蛇是魔鬼变的
Ene udu chi sidagvazhi kaiyigvasen hhe nie khara mogvei shi shaitan bienjisen ghuilusenwo,白蛇是龙王爷的儿子变的，明天穿黑衣服的人请你来，你无论如何也别去
"chighan mogvei shi lunwonyeni kewon bienjisenwo, magvashijie chini nie khara jien musisen kun xinlale irese, chi matu gieliaozhe bu echi",一个穿白衣服的人请你来，你做客去
"nie chighan jien musisen kun xinlale irese, chi zhochinlale echi",刚说完，白胡子爷爷就消失不见了
Jian kieliezhi baluku hhantu chighan sagvantu laojiga widawo,第二天，这孩子刚爬山一个穿黑衣服的人就请他来了
"Khuaichu udu ene kewon jian ulade khireise, nie khara jien musisen kun xinlale irewo",这人无论怎么说，男孩子也不去，这人没有办法就自己走掉了
"Hhe kun yan kielieliaozhe ene kewon laojigani kielienni chenliedene ulie echine, hhe kun yama banfa widase goyene yawulawo",过了一会儿，一个穿白衣服的年轻人来的男孩身边说我是龙王爷的小儿子，昨天你救了我的命
"Puse niecha baise, nie chighan jien musisen nasun chighan kun ene kewonni shida ire kieliene Bi shi lunwonyeni mila kewon wo, uchugvudu chi mini aminni jiuyiwo",我父王请你来，一样一样地礼物送给你，你什么都别要，只要一个金戒指，它会给你带来好处
"adamini chini xinlagvale irewo, chimade yanyanji mure khugvone, chi yanliaozhe bu kere, zi nie antan gaizhini kere, hhe chimade tusa olune",他们俩说着说着走到一个大河旁，龙王爷的儿子说你别怕，闭上眼睛我背着你进河
"Ghuala kielien kielien yawuzhi nie fugie moron ghizhade irewo, lunwonyeni kewon kieliene Chi bu ayi, nudunne hami bi chini beiliesenu moronde oroye",那孩子闭着眼睛，龙王爷的儿子背着他，不知不觉就到了龙王爷的皇宫
"Ene kewon nudunne hamise lunwonyeni kewon beiliewo, nie mejie dakude lunwonyeni hongunde kuruzhi irewo",龙王爷一家人接待了他，对男孩子说你救了我儿子的命，您的日子过得可怜啊，我送给你两盘子金子，两盘子银子，你拿去用吧
"lunwonye nie giechilie ene kewonni jieliewo, ene kewonde kieliene Chi mini kewonni aminni jiuyiwo, tani udu dawasen lolien wo, bi chimade ghua hhamusa antan ghua hhamusa miengu khugvoye, chi agizhi echidene zharule echi",男孩子急忙说我什么也不要，只要一个金戒指
"Ene kewon jindazhi kieliene Bi yamada ulie kerene, zi nie antan gaizhi kerene",龙王爷喘气了一下答应了，于是，让男孩子吃饱了送到河边
"Lunwonye nie hhadadene dayin giewo, puse ene kewonde gaoni ijiegvazhi chudugvadene khugvozhi moron ghizhade echigvawo",这男孩子高兴地回家了。走了一会又饿了，他生气地想咳，我刚才要金子多好啊，要戒指有什么用呢
"Ene kewon bayasizhi gie khareiku mo jiere yawuzho, niecha yawuse you oliesizho, you hhechezho, hhe ho kuruzhi sumulane Hhai bi jian antanni kerewo shi gaowola, ene gaizhini yande injine",于是他在路上躺着睡着了等觉睡醒了之后看见路上各种各样的吃的都摆满了。他吃饱了，起来去找羊群去了，找到后赶着羊群回家去了
"Ingie hhe mo jiere kijie hhunturawo, nie no xiereise hhe mo jiere yanyanji ijiewuni baila durugvazho. Hhe ijiezhi chudu, bosizhi ire ghonilani ereile echiwo, ereizhi olu taodene gie khareiwo",第二天早上，他又到山上放羊去了
Khuaichu magva hhe puse ulade ghoni adulale echiwo,于是睡醒了各种各样的食物又都摆满了，于是又服坦地吃了一顿，就这么一天一天地过去了
"ingie nie no xiereise puse shigveni ijiewuni baila durugvazho, hhe puse futande ijiewo, jiu ingiezhi nie udu nie uduji dawawo",一天，这孩子仍然赶着羊到山上放羊，他到一块石头旁闭上眼睛假装睡觉
"Niudude ene kewon yen ghonilani taozhi ulade khireiwo, hhe nie tashi shida nudunne hami zhonjizhi kijiewo",过了一会，他那金戒指里出来了个漂亮的女孩，手一甩，吃的在面前都摆满了
"gouji niecha baise hhe antan gaizhini sudorose nie saigvan oqin khizhi irewo, hhe oqin khane nie shuayise ijiewuni man melie bailawo",这女孩刚要进戒指的时候，男孩大声地喊起来，女孩吓住了
"ene oqin jian antan gaizhi sudoro orone giekude ene kewon fugiede nie waradase, ene oqin ayi baiwo",女孩说你没有姐姐的话，我给你当姐姐，你没有媳妇的话，我给你当媳妇。你为什么吓唬我啊
"Ene oqin kieliene Chimade ajia wise bi ajia danlaye chimade bierei wise bi chimade bierei danlaye, chi mini ayigvazhi yan giene",这男孩听了之后急忙说我没有媳妇，你给我当媳妇吧
"Ene kewon chenliedene jindazhi kieliene Made bierei wiwo, chi made bierei danla ba",于是女孩就给男孩当了媳妇。此后，男孩不再放羊了
Ingiesenu ene oqin kewonde bierei danlawo. Ene uduni khuinase kewon ghoni ese adulawo,他媳妇对男孩说你有什么事情就对金戒指说，你一说，金戒指里四个大力士就出来了，你说什么他们就做什么
"Biereini ene kewonde kieliene Chi yan wilie giese ene antan gaizhide kielie, chi dai kieliese gaizhi sudorose jieron iliantu kun khizhi irene, chi yan kieliese hhala yan giene",这天晚上男孩刚对金戒指说，金戒指里四个人真的就出来了
"Hhe xieni kewon gaizhide nie kieliese, shihua gaizhi sudorose jieron kun khizhi irewo",男孩对他们说你们给我盖一个俩院子的房子，家里要摆满家具，再给我找一些钱来
"Ene kewon hhelade kieliene Tan made ghua ghoron gie baigvazhi ogi, gie sudoro jiashilani bailazhi durugva, puse made ezegven baer ereizhi ire",说完男孩就睡觉了
Kieliezhi baragva ene kewon kijiewo,第二天早上醒来真的俩院子的房子盖好了，家里要摆满家具，此后男孩就过好日子了
"Khuaichu magva xiereise shihua ghua ghoron gieni baigvazhi gaodagvazho, jiashilayi bailazho, eneni khuinase ene kewon gao udu dawawo",一天男孩要出去，一个妖怪变的伙计问他媳妇你的丈夫以前很穷，现在怎么就富起来了
"Niudude ene kewon ghadane khizhi echiwo. Nie shaitan bienjisen hoji biereideni asane Chini khugvon melieshi jiahui hin wo, ede matu gie ingie bayazhe wo",媳妇就把如何变富的经过全讲了，妖怪就说那么，把戒指拿来，我看一看吧
Ene biereini matu giezhi bayazhesenni man kieliezhi ogiwo. Ene shaitan kieliene Qinse gaizhine agizhi khizhe ma bi nie uzheye,媳妇拿戒指给他看的时候，妖怪对戒指说快点把这个房子，人什么的放到河边去
"Ene bierei agizhi khizhe nie uzhegvakude , shaitan antan gaizhide kieliene Ghujigvan ene gie kunji man khugvozhi moron ghizhade echigvadene jie",奇怪了，刚说完房子就都到河边去了
"Qiaoqizhe, jian kieliezhi baluse gielani man moron ghizhade echiwo",这男孩子刚回来，家，媳妇都不见了
Ene kewon khareizhi irese gie biereiji man widazho,于是他又给人放羊过日子
Ene puse kunlade ghoni adulazhi udu dawazho,这男孩从前在家养了一只狗，一只猫
Ene kewonni giede melieshi nie nogvei nie maoer qiezhezho,这狗对猫说我们的主人养了我们，现在咱们的主人遭难了，我们俩去把金戒指找来去吧
"Ene nogvei maoerde kieliene Matanni ezhen matanni qiezhewo, ede matanni ezhende belia baowo, matan ghuala ezhenni antan gaizhiyini ereile yawuye",于是猫和狗去妖怪那里找戒指去了
Ingie maoer nogvei ghuala shaitanni hhense gaizhini ereile echiwo,狗在门那等着，猫到屋里找，找了一会儿没找着，这时候碰见个老鼠，对老鼠说这屋子里有个金戒指，你给我快点去找，不然我就吃了你
"Nogvei wijiende sagveizho, maoer gie sudoro ereile echiwo, niecha ereise ereizhi olu dawo, ingiekude nie shizhagvanni piinjiwo, shizhagvande kieliene Ene nie giede nie antan gaizhi wo, chi made ghujigvan ereile echi, puse shi bi chini ijie agine",老鼠害怕地找起戒指来，找到了交给猫
"Shizhagva ayizhi gaizhini ereile qiyiwo, ereizhi oludene maoerde ogiwo",猫抓了戒指就吃掉了老鼠，然后对狗说戒指找着了，现在咱们回家吧
"Maoer gaizhini barei shizhagvanni ijie agiwo, ingie nogveide kieliene Gaizhini ereizhi oluwo, ede matan gie khareiye",于是他俩开始走，过了一会，狗又饿又累，对猫说你在这等我，我去找点吃的，我吃饱了就把戒指送给主人
"Ingie ghuala yawule qiyiwo, niecha yawuse nogveini you oliesi you hhechewo, maoerde kieliene Chi ene turu mini sagvei, bi matande ijiewuni ereile echiye, matan ijiezhi chuduyedene gaizhini ezhende khugvoye",狗刚走，猫就把戒指拿着送到主人那里，送给主人之后，主人高兴地把猫抱到怀里放到热炕上
"Nogvei jian yawulase maoer gaizhini barei ezhenni shida echiwo, gaizhini ezhendene ogiese, ezhenni bayasizhi maoerne odene qieru khalun huai jiere jiewo",这男孩又变富了。媳妇也回来了，这男孩把妖怪打死了
"Ene kewon puse bienjizhi bayazhewo, biereini ye khareizhi irewo. Ene kewon shaitanni egvi alawo",这时候狗才回家
Ingiekude nogvei cai giedene khareizhi irewo,主人对狗说我一样地养你们俩，猫给我办了大事，你跑哪去了？于是抓起棍子把狗打了一顿，赶出家去了
"Ene ezhenni nogveide kieliene Bi iyanji ta ghualani qiezhezho, maoer made nie fugie wilie banjiwo, chi holuzhi khala echizho? Ingie nie teiyani barei nogveini idunde egvizhi ghadane khireigvawo",此后，猫就经常在炕上享福了，狗就常常在门那蹲着了
"Eneni khuinase maoer chanban huai jiere xianfu giezho, nogvei chanban wijiende dundeizho",此后，狗和猫一见面就生气，狗和猫永远也不会和好了
"Eneni khuinase , nogvei dai maoerni chanlase jiu ho kuruzho, nogvei maoer ghuala ibeizi nairagva dane",扁鹊的医术
bienqueni gien uzhekuni,魏文王问名医扁鹊说你们家兄弟三人，都精于医术，到底哪一位最好呢
"wiwiinwan fugie deifu bienquede asazho tan gayijiao ghurelie man gien uzhezhi hiin ma, qinse aliniezhen chu hiin",扁鹊答长兄最好，中兄次之，我最差
"bienque kielie fugie gayi chu hiin, baozhese dundalaku gayi, bi chu bixin wo",文王再问那么为什么你最出名呢
wiwiinwan puse asa zho qinse yala chi chu niere khireizho,扁鹊答长兄治病，是治病于病情发作之前。由于一般人不知道他事先能铲除病因，所以他的名气无法传出去
"bienquekielie fugie gayi gien dasekhizhesan xienzide uzhe zho.kunla hheni eqiegvense gienni widagvakuni ulie mejiene, ingiese jiu nierede khireida zho",老二哥哥治病，是治病于病情初起时。一般人以为他只能治轻微的小病，所以他的名气只及本乡里
"laoer gayi gien dai gholune giese uzhe zho. manshigvala guan hhe zi senfen gienni uzhene giezho, ingiese hheni niere guan agvinde wain",而我是治病于病情严重之时
bi uzhesan gien shi gundudasan gien,一般人都看到我在经脉上穿针管放血在皮肤上敷药等大手术
"bi sudan jiere zhun egvi chusun tai ji, mara jiere ye fureisan, fugie shoushulani chanlase",以为我的医术高明，名气因此响遍全国
"sumulasan shi bi gien uzhezhi chu fama, ingiese mini nierequengode",事后控制不如事中控制，事中控制不如事前控制
"wilie khirei dene giele ehiku wilie khireikude giele echikude kuda ne, wilie khireikude giele echiku puse wilie khireikuni melie giele echikude ulie ku ne",老虎和兔子
Basi Taolei Ghuala,从前，有一只老虎，他在奔走的时候，跑来一只兔子
"Eqiede nie basi wo, ene yawukude nie taolei holu dawazhewo",兔子一跑过来，便被这只老虎捉住了
Taolei holuzhi dawazhese basi barei agiwo,老虎说现在，我要吃你哩
Basi kieliene Ede bi chini ijiene,兔子说你别吃我啦吃我，连塞你牙缝都不够嘛，干啥呀
"Taolei kieliene Chi mini bu ijie Mini ijiese chini shidun zhawade nie kuruku wiwo ma, chi mini ijiezhi yan giene",如果不吃，我没有别的食物，我肚子饿了呀
Ulie ijiese made ijiekuni widawo. Bi oliesi bazila dazho,咳你别吃我啦把我放了吧
Hhai chi mini bu ijie chi mini andagva ya,明天我给你领一些来
magvashi bi ezegven uduruzhi ireye,在我的后面，接连不断地一个一个都跟着呢，你就吃呗，你都吃完，吃一顿饱餐吧。要是光吃掉我一个，连塞你牙缝都不够呀
"Mase khuina lienjigvadene nie nieji man ijie ma, chi man ijiedene idun chudu ma bi niezhegvenni ijiese chini shidun zhawade nie kurukuni wiwo ma",老虎说唉，就这样，你去吧明天仍是这个时候，你就来吧
Basi kieliezho Ai jiu ingie. Ede chi echi echidene magvashiku yen ene xienzide bi chini yen ene oronde sagveiye chi ire,第二天，老虎来到这个地方，等待这只兔子，可是兔子没有来。他又等了一天。正在等的时候，兔子独自奔来了
Khuaichu udu ene basi hhe turu irewo. Ire sagveise ene taolei ese irewo. Ene puse nie udu baiwo. Puse baise ene taolei nie zhegven irewo,老虎问哎呀你要是一个一个都领来的话，我都想吃掉呢，可是你独自奔来了，我还是没有吃的东西呀。你的其他伙伴怎么没来呢
"Basi asane Aiya chi nie nieji man uduruzhi irese bi man ijiene giezhiwo, chi jia niezhegven irese made ijiekuni wiwo. Pusezila chini yale ese irewo",兔子说我从这条路上本来时，还有一只老虎把我堵住了，那只老虎把我的其他伙伴都吃掉了。我是逃脱而来的
Taolei kieliene Bi ene mo jiere irese dao nie basi duyi agiwo. Dao nie basi duyi agidene pusezilani man hhe ijie agiwo. Bi holu anda irewo,还有像我这样的老虎吗？老虎问道
Bi mutu basi puse wainu,还有一只呢。跟你一模一样的
"Dao nie waine, chini xian xianji wo",在哪儿呢？请你领我去看一看
Khala waine? chi mini udurudene nie uzhegvale yawu,兔子一直把老虎领到一口井边上，到了井边上，兔子说就在这口井里面
Ene taolei izhi udurudene nie ghudou konde echiwo. Ghudou konde echi kielie Ene ghudoude wo,于是这老虎看了一眼，在井水中看见了影子，这真有一只老虎
"Ingiese ene basi nie uzhese, ene ghudouni usude xiaojiaone chujiegvewo, ene zhingiejia nie basi waine",这老虎它想要去咬这只老虎，它一使劲，里面的那只老虎也同样使劲的样子
Ene basi zhaone giezhi nie hinjise usunigvun ye nie hinjiwo,真的有这个老虎呢
Ene basi zhingiejia waine,纵身跳下水里去了
taidene usude jiaoli bao echiwo,跳下之后，哪里会有老虎啊，老虎就掉水里淹死了
"Jiaoli bao echise, khaladu basi wo, Ene basi usude yenji fuguwo",曹冲称象
caochun daxianni shizhila zho,三国年间，曹操的儿子曹冲非常聪明
"sengoni shihoude, caocaoni kewon caochun jiliu no giene",有一次，外国送给曹操一头大象
niefadeni waigose caocaode nie kozi daxian khogvo wo,曹操很想知道大象有多重，这可不好办，哪有那么大的秤啊
caocao ene daxian giedughonni khireine giekuni mejie da zhi ala zho,有人提议说，把大象宰了，割成一块一块的再称，曹操听了直摇头
"niekun kieliese daxianni ala dene khizhizhi niegieda niegiedaji gholugva dene puse shizhila giezhi, caocao nie chenlie se zi qiaorunne yaoqi zho",这时候曹冲知道了这件事，对他父亲说
"ingiese caochun ene wilieni mejie wo, hhe ada dene kielie zho",我有个办法
made nie fazi waine,曹冲找了条大船来，放到河里，然后把大象牵到船上去，这时船会下沉一些，这时齐水面在船帮上划一道记号
"caochun nie fugie chon ereizhi ire dene, moronde bougva jiewo, ingie dene daxianni chon jiere udu khireigva wo, ingiese chon doura gijinie baone, ingiese usu chonni alizegven de irezho shi alizegven de hao dayi wo",记号划好了以后，曹冲又叫人把大象牵上岸来。这时候大船空着，大船就往上浮起一些来
hao dayi goudagva dene caochun puse kunlani uruzhi daxianni zemin jiere baozhegva wo. ene xienzi de chon kundazhi jiere gijinie hhaorlie wo,接下来，曹冲叫人挑了石块，装到大船上去，挑了一担又一担，大船又慢慢地往下沉了
"ingiezhi bouzhese, caochun kunlani tashi danlagvazhi chon jiere khireigva zho, nie denzi nie denziji qilase, chon puse doura bouzhi echi wo",曹冲看见船帮上的记号齐了水面，就叫人把石块又一担一担地挑下船来
"caochun uzhezhi chon jiere dayisan jihao usure hhantulase, kunlani uruzhi tashini puse igua qilazhi bouzhegva wo",这时候，大家明白了石头装上船和大象装上船，那船下沉到同一记号上，可见，石头和大象是同样的重量
"ingiese manshigvala mejie wo tashini chon jiere khireigva ji daxianni chon jiere khireigva,chon doura bouzhi nie oronde echi zho, qinse tashi ji daxian niekielien gundu",再把这些石块称一称，把所有石块的重量加起来，得到的总和不就是大象的重量了吗
ingie enezegven tashilani man shizhilazhi khizhi iresan shi daxiannigvun pusho nu,大家看到曹冲称得了大象的重量，都夸曹冲是个聪明的孩子
"kunla uzhezhi caochun daxian giedugvonni khireikuni shizhilazhi khizhe iregva se, ashigvala caochun shi nie hen agelini kewon giezhi kuayi zho",宋国有个农民，他的田地中有一截树桩
"sungode nie ghazha tareisan kun waine ,nie kun ni ghazha de nie mutun waine",一天，一只跑得飞快的野兔撞在了树桩上
"Nie udu de, nie holuzhi ghujin ni taolei nenie mutun de mugvuwo",兔子把脖子扭断死了
taolei ghizhigvei ne mushigvei ciragvadene fugu wo,于是，农民便放下他的农具守在树桩子旁边，希望能再抓到一只兔子
ingiesene nie ghazha tareisan kun ghazha tareiku ojienlane jiedene mutun shida sagvei wo,但野兔再也没有来
sanan dene pese nie taolei barei shidane.taolei puse ese ire wo,他自己却被宋国人所耻笑
